Date,Mouse #,Cage #,ZT,Sex,Group,Plated Volume (uL),Plated Beads Volume (uL),Bead Stock Conc (beads/uL),Well Bead Conc (beads/uL),Conversion Factor (Divide Cell Events by this to get conc per well),Counting Bead Events,Total Events,Monocyte/DC Events,MHCII(int) LY-6C+ Events,MHCII+ LY-6C(lo) Events,MHCII- LY-6C(lo) Events,Neutrophil Events,CD45R- (NK Precursor) Events,NK Cell Events,NKT Cell Events,T Cell Events,TCRgd Events,TCRb Events,CD8 Events,CD4 Events,CD-- Events,B Cell Events,Total CD45+ Events,,Monocyte/DC Cells,MHCII(int) LY-6C+ Cells,MHCII+ LY-6C(lo) Cells,MHCII- LY-6C(lo) Cells,Neutrophil Cells,CD45R- (NK Precursor) Cells,NK Cell Cells,NKT Cell Cells,T Cell Cells,TCRgd Cells,TCRb Cells,CD8 Cells,CD4 Cells,CD-- Cells,B Cell Cells,Total CD45+ Cells,,Major Grouping Total,Major Grouping Average,,% Adjustment for Day,,,Adjusted Cell Counts,Monocyte/DC Cells (Adjusted),MHCII(int) LY-6C+ Cells (Adjusted),MHCII+ LY-6C(lo) Cells (Adjusted),MHCII- LY-6C(lo) Cells (Adjusted),Neutrophil Cells (Adjusted),CD45R- (NK Precursor) Cells (Adjusted),NK Cell Cells (Adjusted),NKT Cell Cells (Adjusted),T Cell Cells (Adjusted),TCRgd Cells (Adjusted),TCRb Cells (Adjusted),CD8 Cells (Adjusted),CD4 Cells (Adjusted),CD-- Cells (Adjusted),B Cell Cells (Adjusted),Total CD45+ Cells (Adjusted)
9/6/2024,1,3xTg_7.4B,6,F,3-3xTg-9,140,15,980,105,73.62857143,7731,140776,2499,210,2146,63,193,772,11,57,386,5,316,121,152,43,692,1888,,4751.688009,399.3015134,4080.48118,119.790454,366.9771052,1467.908421,20.91579356,108.3818393,733.9542103,9.50717889,600.8537059,230.0737291,289.0182383,81.76173846,1315.793558,3589.910749,,7297.710516,1216.285086,,9/6/2024,0.651361243,,,3095.065407,260.08953,2657.867292,78.026859,239.0346633,956.1386531,13.62373729,70.59572957,478.0693266,6.192607857,391.3728166,149.8611101,188.2552789,53.25642757,857.0569274,2338.328727
9/6/2024,2,3xTg_7.4B,6,F,3-3xTg-9,140,15,980,105,92.6,9723,211832,3947,201,3540,88,240,1182,21,76,545,12,454,158,245,50,836,2490,,5967.386609,303.887689,5352.051836,133.0453564,362.8509719,1787.041037,31.74946004,114.9028078,823.9740821,18.1425486,686.3930886,238.8768898,370.4103672,75.59395248,1263.930886,3764.578834,,8564.794816,1427.465803,,9/13/2024,1.034805077,,,3886.924358,197.9406628,3486.119135,86.66058867,236.34706,1164.009271,20.68036775,74.84323567,536.7047821,11.817353,447.0898552,155.5951478,241.2709571,49.23897083,823.2755923,2452.100748
9/6/2024,3,3xTg_7.3B,18,F,3-3xTg-9,140,15,980,105,84.11428571,8832,118696,3489,160,3214,21,610,587,15,92,279,9,230,78,113,38,177,1268,,5807.099185,266.3043478,5349.388587,34.95244565,1015.285326,977.0040761,24.96603261,153.125,464.3682065,14.97961957,382.8125,129.8233696,188.0774457,63.24728261,294.5991848,2110.461957,,7759.442935,1293.240489,,9/18/2024,0.68616808,,,3782.519342,173.4603309,3484.384398,22.76666844,661.3175117,636.3825892,16.26190603,99.7396903,302.4714521,9.757143616,249.3492257,84.56191134,122.5063587,41.1968286,191.8904911,1374.673123
9/6/2024,4,Aged_37B,18,F,4-WT-18,140,15,980,105,37.55238095,3943,51792,1201,100,1018,30,102,695,6,22,327,4,283,180,88,8,213,1000,,4477.479077,372.8125793,3795.232057,111.8437738,380.2688308,2591.047426,22.36875476,82.01876744,1219.097134,14.91250317,1055.059599,671.0626427,328.0750697,29.82500634,794.0907938,3728.125793,,6975.323358,1162.553893,,11/13/2024,0.717345441,,,2916.456336,242.8356649,2472.067069,72.85069948,247.6923782,1687.707871,14.5701399,53.42384629,794.0726243,9.713426597,687.2249318,437.1041969,213.6953851,19.42685319,517.2399663,2428.356649
9/6/2024,5,6M_2B,6,F,1-WT-6,140,15,980,105,86.60952381,9094,140864,2777,195,2447,48,131,767,10,61,425,17,352,183,140,27,784,1798,,4488.88278,315.2078293,3955.454146,77.58961953,211.7550033,1239.817462,16.16450407,98.60347482,686.9914229,27.47965692,568.9905432,295.8104245,226.303057,43.64416099,1267.297119,2906.377832,,6769.694304,1128.282384,,11/15/2024,0.698582767,,,2923.884266,205.3141634,2576.429528,50.538871,137.9290021,807.5690429,10.52893146,64.2264819,447.479587,17.89918348,370.6183873,192.6794457,147.4050404,28.42811494,825.4682263,1893.101876
9/6/2024,6,6M_1B,18,F,1-WT-6,140,15,980,105,79.53333333,8351,138656,2936,143,2595,83,226,777,30,63,336,16,262,86,136,40,441,1737,,5168.147527,251.7183571,4567.89606,146.1022632,397.8206203,1367.728416,52.80804694,110.8968986,591.4501257,28.1642917,461.1902766,151.3830679,239.3964795,70.41072925,776.27829,3057.585918,,7097.401509,1182.900251,,11/20/2024,0.446580052,,,3366.330996,163.9595819,2975.350455,95.16535173,259.1249336,890.8852806,34.39711508,72.23394167,385.2476889,18.34512804,300.4014717,98.60506324,155.9335884,45.86282011,505.6375917,1991.592963
9/6/2024,7,Aged_36B,6,F,4-WT-18,140,15,980,105,80.01904762,8402,200688,2686,223,2234,128,515,684,18,35,297,10,251,140,87,24,921,2172,,4699.3811,390.1571055,3908.569388,223.9466794,901.0354677,1196.715068,31.49250179,61.23542014,519.6262795,17.49583433,439.1454416,244.9416806,152.2137586,41.99000238,1611.366341,3800.095215,,7824.13711,1304.022852,,11/22/2024,1.32090175,,,3060.994713,254.1332171,2545.890614,145.8701874,586.899582,779.4938138,20.5129951,39.88637936,338.4644192,11.39610839,286.0423206,159.5455174,99.14614298,27.35066013,1049.581583,2475.234742
9/6/2024,8,Aged_36B,6,F,4-WT-18,140,15,980,105,86.13333333,9044,219064,2478,310,1909,119,759,1228,20,67,597,7,505,204,261,38,976,2800,,4027.708978,503.869969,3102.863777,193.4210526,1233.668731,1995.975232,32.50773994,108.9009288,970.3560372,11.37770898,820.8204334,331.5789474,424.2260062,61.76470588,1586.377709,4551.083591,,7959.520124,1326.586687,,1/6/2025,1.595425957,,,2623.493526,328.2013692,2021.085206,125.9869772,803.5639975,1300.100908,21.17428188,70.93384431,632.0523143,7.41099866,534.6506176,215.9776752,276.3243786,40.23113558,1033.304956,2964.399464
9/6/2024,9,Aged_36B,6,F,4-WT-18,140,15,980,105,88.79047619,9323,68432,957,45,855,28,64,339,10,16,187,3,162,77,69,15,151,646,,1508.945618,70.95355572,1348.117559,44.14887912,100.9117237,534.5167864,15.76745683,25.22793092,294.8514427,4.730237048,255.4328006,121.4094176,108.7954521,23.65118524,238.0885981,1018.577711,,2183.792771,363.9654618,,1/7/2025,2.344616173,,,982.8686932,46.21639623,878.1115284,28.75686877,65.72998575,348.1635183,10.27031027,16.43249644,192.0548021,3.081093082,166.3790264,79.08138911,70.86514089,15.40546541,155.0816851,663.4620437
9/6/2024,10,Aged_36B,6,F,4-WT-18,140,15,980,105,82.95238095,8710,220136,2770,430,2148,59,1064,814,6,52,541,6,482,161,296,20,661,2658,,4674.971297,725.717566,3625.2124,99.57520092,1795.729047,1373.80023,10.12629162,87.76119403,913.053961,10.12629162,813.47876,271.7221584,499.5637199,33.7543054,1115.579793,4485.947187,,8597.221584,1432.870264,,1/8/2025,1.258489993,,,3045.095114,472.7042957,2361.322854,64.85942662,1169.668304,894.8402249,6.595873893,57.16424041,594.7279627,6.595873893,529.8685361,176.9892828,325.3964454,21.98624631,726.6454406,2921.972135
9/13/2024,1,6M_1B,18,F,1-WT-6,200,25,980,122.5,137.5918367,16855,158472,1561,63,1390,32,91,828,45,77,387,16,339,85,211,40,148,1016,,2269.029961,91.57520024,2020.468704,46.51438742,132.2752892,1203.559775,65.41085731,111.9252447,562.5333729,23.25719371,492.7617918,123.5538416,306.7042421,58.14298428,215.1290418,1476.831801,,3356.303767,559.3839612,,1/9/2025,1.933528102,,,2348.003724,94.76248212,2090.791272,48.13332425,136.8791408,1245.449765,67.68748723,115.8208115,582.1123901,24.06666213,509.9124038,127.8541425,317.3791068,60.16665531,222.6166247,1528.233045
9/13/2024,2,6M_1B,18,F,1-WT-6,200,25,980,122.5,129.9836735,15923,164184,1240,83,1082,43,106,559,24,29,311,8,283,91,178,13,253,967,,1907.931922,127.7083464,1664.824468,66.16215537,163.0974063,860.1080198,36.92771463,44.62098851,478.5216354,12.30923821,435.4393016,140.0175846,273.8805501,20.00251209,389.2796584,1487.879168,,3020.379326,503.3965543,,1/10/2025,1.318734635,,,1974.33764,132.1532452,1722.768811,68.46493427,168.774024,890.0441456,38.21298657,46.17402544,495.1766177,12.73766219,450.5948,144.8909074,283.4129837,20.69870106,402.8285668,1539.664917
9/13/2024,3,6M_2B,6,F,1-WT-6,200,25,980,122.5,127.3061224,15595,96744,1532,88,1362,44,78,350,18,31,158,8,141,26,90,25,84,662,,2406.79705,138.2494389,2139.724271,69.12471946,122.5392754,549.855723,28.27829433,48.70150689,248.2205835,12.56813081,221.5133055,40.84642514,141.3914716,39.27540878,131.9653735,1040.012825,,2986.502084,497.7503473,,1/13/2025,1.429342549,,,2490.565807,143.0612213,2214.197538,71.53061063,126.8042643,568.9934937,29.26252253,50.39656658,256.85992,13.00556557,229.2230932,42.2680881,146.3126127,40.64239241,136.5584385,1076.210551
9/13/2024,4,6M_2B,6,F,1-WT-6,200,25,980,122.5,120.0816327,14710,117704,1090,197,777,53,525,414,29,39,199,13,172,49,96,24,295,1228,,1815.431679,328.1101292,1294.119646,88.27328348,874.4051666,689.5309313,48.30047587,64.95581237,331.4411965,21.65193746,286.4717879,81.61114888,159.8912305,39.97280761,491.3324269,2045.275323,,3625.866757,604.3111262,,1/14/2025,1.423978237,,,1878.617918,339.5300274,1339.16158,91.34564189,904.8389056,713.5301084,49.98157764,67.21660441,342.9770328,22.4055348,296.4424605,84.45163119,165.456257,41.36406425,508.4332898,2116.461288
9/13/2024,5,3xTg_7.3B,18,F,3-3xTg-9,200,25,980,122.5,118.7428571,14546,179168,2219,171,1924,45,502,1093,33,59,414,9,365,135,183,45,393,1762,,3737.487969,288.0173244,3240.615977,75.79403272,845.5245428,1840.952839,55.58229066,99.37439846,697.3051011,15.15880654,614.773821,227.3820982,308.2290664,75.79403272,661.9345525,2967.757459,,6097.208855,1016.201476,,1/16/2025,1.441034151,,,3867.571525,298.0417895,3353.405865,78.43204986,874.9530895,1905.027344,57.51683656,102.833132,721.5748587,15.68640997,636.1710711,235.2961496,318.9570027,78.43204986,684.9732354,3071.050485
9/13/2024,6,3xTg_7.3B,18,F,3-3xTg-9,200,25,980,122.5,124.5877551,15262,101312,1022,54,931,14,167,438,15,28,238,3,209,66,115,15,146,749,,1640.610667,86.68588652,1494.528895,22.47411873,268.0841305,703.1188573,24.07941292,44.94823745,382.0600183,4.815882584,335.5064867,105.9494169,184.6088324,24.07941292,234.3729524,1202.365352,,2594.155419,432.3592364,,,,,,1697.712247,89.70299546,1546.546088,23.25633216,277.4148193,727.5909631,24.91749874,46.51266431,395.3576466,4.983499748,347.1838157,109.6369944,191.034157,24.91749874,242.530321,1244.21377
9/13/2024,7,Aged_37B,18,F,4-WT-18,200,25,980,122.5,120.7428571,14791,160048,1548,238,1122,106,507,681,40,26,331,11,297,134,113,46,657,1858,,2564.126834,394.2262186,1858.495031,175.5797444,839.8012305,1128.017037,66.25650734,43.06672977,548.2725982,18.22053952,491.954567,221.9592996,187.1746332,76.19498344,1088.263133,3077.614766,,5149.787033,858.2978388,,,,,,2653.371465,407.9472925,1923.180093,181.6908109,869.0305768,1167.277757,68.56257016,44.56567061,567.3552681,18.8547068,509.0770835,229.68461,193.6892607,78.84695569,1126.140215,3184.731384
9/13/2024,8,Aged_37B,18,F,4-WT-18,200,25,980,122.5,114.9469388,14081,184352,2171,615,1352,61,1538,932,42,93,494,8,442,173,181,82,701,3095,,3777.395071,1070.058945,2352.389745,106.1359278,2676.017328,1621.617783,73.07719622,161.8137916,859.5270222,13.91946595,769.0504936,301.0084511,314.9279171,142.674526,1219.693204,5385.093388,,8767.523613,1461.253936,,,,,,3908.867597,1107.302428,2434.264851,109.829997,2769.156317,1678.058314,75.62065365,167.4457331,889.4429263,14.40393403,795.8173551,311.4850734,325.8890074,147.6403238,1262.144719,5572.521977
9/13/2024,9,Aged_36A,18,M,4-WT-18,200,25,980,122.5,117.5673469,14402,92640,1174,183,903,35,548,604,49,60,342,10,292,114,126,46,981,2155,,1997.153173,311.310929,1536.140814,59.54034162,932.2316345,1027.496181,83.35647827,102.0691571,581.7941953,17.01152618,496.7365644,193.9313984,214.3452298,78.25302041,1668.830718,3665.983891,,5365.435356,894.239226,,,,,,2066.664243,322.1461298,1589.606313,61.61264778,964.6780282,1063.258265,86.2577069,105.6216819,602.0435869,17.60361365,514.0255187,200.6811956,221.805532,80.9766228,1726.914499,3793.578742
9/13/2024,10,Aged_36A,18,M,4-WT-18,200,25,980,122.5,117.3387755,14374,96240,1497,551,836,33,2216,865,22,61,606,5,564,258,267,28,1363,4318,,2551.586197,939.1609851,1424.933908,56.24739112,3777.097537,1474.363434,37.49826075,103.9724503,1032.906637,8.522331988,961.3190483,439.7523306,455.0925282,47.72505913,2323.1877,7359.885905,,9826.248783,1637.70813,,,,,,2640.394351,971.8485554,1474.528843,58.20508589,3908.559707,1525.678767,38.80339059,107.5912194,1068.857032,8.818952408,994.7778316,455.0579443,470.9320586,49.38613348,2404.046426,7616.0473
9/18/2024,1,6M_1A,18,M,1-WT-6,200,25,980,122.5,136.6938776,16745,145088,2464,100,2225,54,176,832,28,105,498,19,391,137,191,61,378,1489,,3605.135861,146.312332,3255.449388,79.0086593,257.5097044,1217.318603,40.96745297,153.6279486,728.6354136,27.79934309,572.0812183,200.4478949,279.4565542,89.25052254,553.0606151,2178.590624,,5338.936996,889.8228327,,,,,,2473.729151,100.3948519,2233.785455,54.21322004,176.6949394,835.2851679,28.11055854,105.4145945,499.9663625,19.07502186,392.543871,137.5409471,191.7541672,61.24085967,379.4925402,1494.879345
9/18/2024,2,6M_1A,18,M,1-WT-6,200,25,980,122.5,135.5836735,16609,176680,3810,601,2914,112,1314,1056,64,140,495,25,363,142,169,51,1209,3376,,5620.145704,886.5374195,4298.452646,165.2116322,1938.286471,1557.709675,94.406647,206.5145403,730.1764104,36.87759648,535.4627009,209.464748,249.2925522,75.23029683,1783.400566,4979.950629,,10372.93034,1728.821723,,,,,,3856.364586,608.3136787,2949.460998,113.3629484,1329.990306,1068.850657,64.77882769,141.7036856,501.0237454,25.30422956,367.4174133,143.7280239,171.0565919,51.62062831,1223.712542,3417.08316
9/18/2024,3,3xTg_7.3B,18,F,3-3xTg-9,200,25,980,122.5,140.555102,17218,114424,2565,83,2328,72,170,980,26,82,341,13,263,75,140,48,189,1375,,3649.814148,118.1031479,3312.579858,102.4509235,241.8980137,1394.470903,36.9961668,116.6802184,485.2189569,18.4980834,374.2304565,106.7197119,199.2101289,68.30061563,268.9336741,1956.528052,,4799.541178,799.9235296,,,,,,2504.385965,81.03861018,2272.98656,70.29855341,165.9826956,956.8414214,25.38558873,80.06224139,332.9417599,12.69279437,256.7849937,73.2276598,136.6916316,46.86570227,184.5337027,1342.507096
9/18/2024,5,Aged_38A,18,M,4-WT-18,200,25,980,122.5,137.4285714,16835,130248,1930,202,1560,70,395,617,13,64,319,9,261,112,124,22,1065,2092,,2808.731809,293.970894,2270.27027,101.8711019,574.8440748,897.9209979,18.91891892,93.13929314,464.2411642,13.0977131,379.8336798,162.993763,180.4573805,32.01663202,1549.89605,3044.490644,,5509.77131,918.2952183,,,,,,1927.262112,201.7134438,1557.786992,69.90069835,394.439655,616.1247269,12.98155827,63.90920992,318.5474682,8.987232645,260.6297467,111.8411174,123.8240942,21.96879091,1063.489196,2089.032299
9/18/2024,6,Aged_37A,6,M,4-WT-18,200,25,980,122.5,139.2081633,17053,120488,2889,122,2655,25,125,863,27,60,506,12,413,174,200,33,391,1431,,4150.618659,175.2770773,3814.431478,35.91743388,179.5871694,1239.869818,38.79082859,86.20184132,726.9688618,17.24036826,593.3560077,249.9853398,287.3394711,47.41101273,561.7486659,2055.913915,,5743.916027,957.3193378,,,,,,2848.022035,120.2695356,2617.341123,24.64539664,123.2269832,850.7590919,26.61702837,59.14895193,498.8228279,11.82979039,407.1419524,171.5319606,197.1631731,32.53192356,385.4540034,1410.702503
9/18/2024,7,Aged_37A,6,M,4-WT-18,200,25,980,122.5,135.8857143,16646,164064,3284,304,2717,105,434,1020,21,72,616,13,497,203,228,60,2617,4156,,4833.473507,447.4348192,3998.948696,154.5416316,638.7720774,1501.261564,30.90832632,105.9714045,906.6442389,19.13372582,731.4970563,298.7804878,335.5761144,88.30950378,3851.76619,6116.904962,,10367.53574,1727.922624,,,,,,3316.575235,307.0154907,2743.950948,106.0415346,438.3050097,1030.117765,21.20830692,72.71419516,622.1103364,13.1289519,501.9299305,205.0136336,230.261618,60.59516263,2642.95901,4197.224932
9/18/2024,8,3xTg_7.4A,18,M,3-3xTg-9,200,25,980,122.5,136.6367347,16738,88672,1512,57,1396,14,65,426,20,43,253,7,200,64,119,17,160,788,,2213.167642,83.43290716,2043.374358,20.49229299,95.14278886,623.5512009,29.27470427,62.94061417,370.325009,10.24614649,292.7470427,93.67905365,174.1844904,24.88349863,234.1976341,1153.423348,,3005.048393,500.8413988,,,,,,1518.604991,57.24899769,1402.098259,14.06115733,65.28394474,427.8609301,20.08736761,43.18784036,254.1052003,7.030578664,200.8736761,64.27957635,119.5198373,17.07426247,160.6989409,791.4422839
9/18/2024,9,3xTg_7.4A,18,M,3-3xTg-9,200,25,980,122.5,130.6122449,16000,162936,4099,289,3585,49,592,1438,32,152,821,15,659,243,336,74,769,2910,,6276.59375,442.53125,5489.53125,75.03125,906.5,2201.9375,49,232.75,1257.15625,22.96875,1009.09375,372.09375,514.5,113.3125,1177.53125,4455.9375,,9899.53125,1649.921875,,,,,,4306.798281,303.650818,3766.741116,51.48404873,622.0113643,1510.899226,33.62223591,159.7056206,862.62049,15.76042308,692.4079207,255.3188539,353.033477,77.75142053,807.9843566,3057.522078
11/13/2024,1,6M_3B,6,F,1-WT-6,200,25,980,122.5,141.7061224,17359,331784,4628,158,4277,83,421,880,63,54,263,15,198,56,95,47,525,2463,,6531.82787,222.9967164,6036.436431,117.1438447,594.1874532,1242.007028,88.91641224,76.21406763,371.1907368,21.17057434,279.4515813,79.03681088,134.0803042,66.33446627,740.970102,3476.208307,,8403.306642,1400.551107,,,,,,4685.576942,159.9656778,4330.210151,84.03260288,426.2376604,890.9480788,63.78378291,54.67181392,266.2719826,15.18661498,200.4633177,56.69669592,96.18189487,47.58472693,531.5315243,2493.64218
11/13/2024,2,6M_3B,6,F,1-WT-6,200,25,980,122.5,86.0244898,10538,202128,1929,256,1553,47,741,618,31,29,184,7,137,37,73,24,689,2160,,4484.769406,595.1793509,3610.599734,109.271209,1722.765231,1436.800152,72.07249953,67.42266085,427.7851585,16.27443538,318.5139495,86.02201556,169.7191118,55.79806415,1601.869425,5021.825773,,8376.68438,1396.114063,,,,,,3217.128886,426.9491937,2590.047257,78.38520354,1235.817783,1030.682038,51.70087893,48.36533835,306.869733,11.67439202,228.4845295,61.70750066,121.747231,40.02648691,1149.093728,3602.383822
11/13/2024,3,9M_1B,18,F,2-WT-9,200,25,980,122.5,134.4489796,16470,291528,3131,80,2943,63,132,850,43,44,175,9,140,58,49,32,227,1660,,4657.52884,119.0042502,4377.868852,93.71584699,196.3570128,1264.420158,63.96478446,65.45233758,260.3217972,13.38797814,208.2574378,86.27808136,72.89010322,47.60170006,337.6745598,2469.338191,,5581.299332,930.2165554,,,,,,3341.057078,85.36715626,3140.444261,67.22663555,140.8558078,907.0260352,45.88484649,46.95193594,186.7406543,9.603805079,149.3925235,61.89118829,52.28738321,34.1468625,242.2293059,1771.368492
11/13/2024,4,9M_1B,18,F,2-WT-9,200,25,980,122.5,133.2408163,16322,326168,3698,219,3227,88,126,732,37,39,340,6,297,136,118,42,430,1892,,5550.851611,328.728097,4843.861046,132.0916554,189.1312339,1098.762407,55.53853694,58.54062002,510.3541233,9.006249234,445.8093371,204.1416493,177.1229016,63.04374464,645.4478618,2839.970592,,7009.863987,1168.310665,,,,,,3981.878095,235.8116016,3474.721637,94.75534677,135.6724283,788.1922027,39.84031625,41.99384686,366.1002034,6.460591825,319.7992953,146.4400814,127.0583059,45.22414278,463.0090808,2037.239955
11/13/2024,5,3xTg_12.1B,6,F,3-3xTg-9,200,25,980,122.5,131.4285714,16100,322272,2788,70,2620,32,112,611,11,31,215,7,184,52,113,19,126,1209,,4242.608696,106.5217391,3986.956522,48.69565217,170.4347826,929.7826087,16.73913043,47.17391304,327.173913,10.65217391,280,79.13043478,171.9565217,28.91304348,191.7391304,1839.782609,,4995.869565,832.6449275,,,,,,3043.416004,76.41288389,2860.025083,34.93160406,122.2606142,666.9753151,12.0077389,33.83999144,234.6967148,7.641288389,200.8567234,56.7638566,123.3522269,20.74063991,137.543191,1319.759666
11/13/2024,6,3xTg_12.1B,6,F,3-3xTg-9,200,25,980,122.5,130.9061224,16036,5.06E+05,3154,196,2760,99,152,547,34,27,190,5,161,65,74,22,533,1839,,4818.720379,299.4512347,4216.762285,151.2534298,232.2274882,835.7133949,51.94562235,41.2509354,290.2843602,7.63906211,245.9778,99.30780743,113.0581192,33.61187329,814.324021,2809.647044,,6248.752806,1041.458801,,,,,,3456.687094,214.8099779,3024.875199,108.5009582,166.5873298,599.4951935,37.26295535,29.59117043,208.2341623,5.479846375,176.4510533,71.23800288,81.10172635,24.11132405,584.1516236,2015.487497
11/13/2024,7,3xTg_12.1B,6,F,3-3xTg-9,200,25,980,122.5,135.1346939,16554,387352,3645,150,3365,67,425,893,31,36,273,6,226,71,120,33,304,2084,,5394.617615,222.0007249,4980.216262,99.16032379,629.0020539,1321.644316,45.88014981,53.28017398,404.0413193,8.880028996,334.4810922,105.0803431,177.6005799,48.84015948,449.9214691,3084.330071,,6976.742781,1162.790464,,,,,,3869.80435,159.2512078,3572.535429,71.13220616,451.2117555,948.0755239,32.91191628,38.22028988,289.8371982,6.370048313,239.9384864,75.37890503,127.4009663,35.03526572,322.7491145,2212.530114
11/13/2024,8,18M_1B,18,F,4-WT-18,200,25,980,122.5,135.4204082,16589,316456,1948,114,1711,79,341,593,14,28,238,4,215,112,70,32,179,1375,,2876.966665,168.3645789,2526.945566,116.6736994,503.6168545,875.7911869,20.6763518,41.3527036,351.4979806,5.907529086,317.5296883,165.4108144,103.381759,47.26023268,264.3619266,2030.713123,,4058.472482,676.4120803,,,,,,2063.77892,120.7755631,1812.692881,83.69534633,361.2672544,628.2448149,14.83208669,29.66417338,252.1454738,4.237739055,227.7784742,118.6566935,74.16043346,33.90191244,189.6388227,1456.7228
11/13/2024,9,18M_2B,6,F,4-WT-18,200,25,980,122.5,125.4122449,15363,395504,3856,147,3574,55,239,1319,42,24,639,5,604,335,213,53,513,2500,,6149.319794,234.4268698,5699.602942,87.71073358,381.1430059,2103.462865,66.97910564,38.27377465,1019.03925,7.973703053,963.2233288,534.2381045,339.67975,84.52125236,818.1019332,3986.851526,,8472.856864,1412.142811,,,,,,4411.186517,168.1650462,4088.584184,62.91889483,273.4111975,1508.909496,48.04715605,27.45551774,731.0031599,5.71989953,690.9638632,383.2332685,243.66772,60.63093501,586.8616917,2859.949765
11/13/2024,10,3xTg_12.1A2,6,M,3-3xTg-9,200,25,980,122.5,135.1918367,16561,285232,1586,81,1450,18,214,348,15,30,205,1,179,59,103,17,375,1281,,2346.295514,119.8297204,2145.099934,26.62882676,316.5871626,514.8239841,22.19068897,44.38137794,303.2727492,1.479379265,264.8088884,87.28337661,152.3760642,25.1494475,554.7672242,1895.084838,,3587.494717,597.9157861,,,,,,1683.104389,85.9593036,1538.777657,19.10206747,227.1023577,369.3066377,15.91838956,31.83677911,217.5513239,1.06122597,189.9594487,62.61233225,109.3062749,18.0408415,397.9597389,1359.430468
11/15/2024,1,6M_2A,6,M,1-WT-6,200,25,1020,127.5,119.0117647,15174,328504,3378,211,2960,55,367,785,84,36,376,12,332,107,183,40,629,2006,,5676.749703,354.5867932,4974.298142,92.42783709,616.7457493,1319.197311,141.1625148,60.49822064,631.8703045,20.16607355,557.9280348,179.8141558,307.5326216,67.22024516,1057.038355,3371.095295,,8184.064848,1364.010808,,,,,,3965.679516,247.7082231,3474.95896,64.56849419,430.8479521,921.5685079,98.61370021,42.26301438,441.4137057,14.08767146,389.7589104,125.6150705,214.8369897,46.95890486,738.428779,2354.989079
11/15/2024,2,6M_2A,6,M,1-WT-6,200,25,1020,127.5,116.8627451,14900,300280,1968,74,1766,20,90,354,32,12,137,2,110,49,48,12,206,847,,3368.053691,126.6442953,3022.348993,34.22818792,154.0268456,605.8389262,54.76510067,20.53691275,234.4630872,3.422818792,188.2550336,83.8590604,82.14765101,20.53691275,352.5503356,1449.563758,,4184.395973,697.3993289,,,,,,2352.864267,88.47152224,2111.360923,23.91122223,107.6005,423.2286334,38.25795556,14.34673334,163.7918723,2.391122223,131.5117223,58.58249446,57.38693335,14.34673334,246.2855889,1012.640261
11/15/2024,3,9M_1A,18,M,2-WT-9,200,25,1020,127.5,118.6666667,15130,257336,2067,170,1779,25,655,460,27,43,234,5,199,76,84,39,453,1667,,3483.707865,286.5168539,2998.314607,42.13483146,1103.932584,775.2808989,45.50561798,72.47191011,394.3820225,8.426966292,335.3932584,128.0898876,141.5730337,65.73033708,763.4831461,2809.550562,,5863.483146,977.247191,,,,,,2433.65828,200.1557366,2094.570914,29.43466715,771.1882793,541.5978756,31.78944052,50.6276275,275.5084845,5.88693343,234.2999505,89.48138814,98.90048163,45.91808075,533.3561688,1962.703606
11/15/2024,4,9M_1A,18,M,2-WT-9,200,25,1020,127.5,118.6823529,15132,265184,2755,262,2287,34,730,667,58,52,343,8,295,133,121,38,653,2183,,4642.644726,441.5146709,3853.984933,57.29579699,1230.174465,1124.008723,97.73988898,87.62886598,578.0134814,13.481364,497.1252974,224.1276764,203.9056305,64.03647898,1100.416336,3678.727201,,7736.617764,1289.436294,,,,,,3243.271599,308.4345405,2692.327458,40.0258564,859.3786815,785.213124,68.27940209,61.21601567,403.7902572,9.417848564,347.2831658,156.5717324,142.4449595,44.73478068,768.7318891,2569.895427
11/15/2024,5,WT_3.5A1,6,M,4-WT-18,200,25,1020,127.5,120.7215686,15392,4.85E+05,3416,309,2752,124,317,1203,53,52,741,8,690,364,259,67,2874,4986,,5659.303534,511.9217775,4559.251559,205.4313929,525.1754158,1993.015852,87.80535343,86.14864865,1227.618243,13.25363825,1143.126299,603.0405405,429.0865385,110.9992204,4761.369543,8260.330042,,12347.42074,2057.903456,,,,,,3953.491922,357.6197319,3185.01457,143.5108309,366.8784951,1392.286529,61.33930676,60.18196135,857.5929492,9.258763285,798.5683333,421.2737294,299.7524613,77.54214251,3326.21071,5770.524217
11/15/2024,6,WT_3.5A2,6,M,4-WT-18,200,25,1020,127.5,120.172549,15322,265752,2175,142,1883,30,612,407,38,28,218,6,183,83,65,35,528,1825,,3619.795066,236.3268503,3133.827177,49.92820781,1018.535439,677.3593526,63.24239655,46.59966062,362.8116434,9.985641561,304.5620676,138.1347083,108.1777836,58.24957577,878.7364574,3037.299308,,5989.720663,998.2867772,,,,,,2528.726453,165.093865,2189.23766,34.87898556,711.5313055,473.1915708,44.18004838,32.55371986,253.4539618,6.975797112,212.7618119,96.49852672,75.57113538,40.69214982,613.8701459,2121.804955
11/15/2024,7,3xTg_10.1A1,18,M,3-3xTg-9,200,25,1020,127.5,120.6352941,15381,346136,2587,96,2318,53,175,493,41,25,221,6,189,82,75,26,402,1496,,4288.960406,159.157402,3842.988102,87.86814902,290.1306807,817.3395748,67.97347377,41.4472401,366.3936025,9.947337624,313.3411352,135.9469475,124.3417203,43.10512971,666.4716208,2480.202848,,5721.377024,953.5628373,,,,,,2996.193828,111.1846183,2684.645262,61.38317467,202.6802937,570.9793418,47.48509739,28.95432768,255.9562567,6.949038642,218.8947172,94.97019478,86.86298303,30.11250078,465.585589,1732.626968
11/15/2024,8,3xTg_10.1A3,18,M,3-3xTg-9,200,25,1020,127.5,117.3019608,14956,332552,2690,123,2396,46,307,505,38,33,270,5,220,96,107,17,286,1463,,4586.453597,209.7151645,4085.183204,78.43006151,523.4354105,861.0256753,64.79005082,56.26504413,460.3503611,8.525006686,375.1002942,163.6801284,182.4351431,28.98502273,487.6303825,2494.416956,,6178.924846,1029.820808,,,,,,3204.017445,146.5033999,2853.838587,54.78988939,365.6629575,601.4976987,45.26121298,39.30579022,321.592829,5.95542276,262.0386014,114.344117,127.4460471,20.24843738,340.6501819,1742.5567
11/15/2024,9,6M_4B,18,F,1-WT-6,200,25,1020,127.5,122.4156863,15608,313008,2654,47,2445,45,102,584,39,31,219,5,178,56,89,32,140,1178,,4336.045618,76.78754485,3994.58611,73.51998975,166.6453101,954.1260892,63.71732445,50.64710405,357.7972834,8.16888775,290.8124039,91.4915428,145.4062019,52.2808816,228.728857,1924.589954,,5203.581497,867.2635828,,,,,,3029.086746,53.64245555,2790.549018,51.35979787,116.4155418,666.5360435,44.51182482,35.38119409,249.9510163,5.706644208,203.1565338,63.91441513,101.5782669,36.52252293,159.7860378,1344.485375
11/15/2024,10,6M_4B,18,F,1-WT-6,200,25,1020,127.5,119.8745098,15284,323056,1566,58,1341,48,60,444,24,37,147,8,113,31,54,23,164,908,,2612.732269,96.76786182,2237.339702,80.08374771,100.1046846,740.7746663,40.04187386,61.73122219,245.2564774,13.34729129,188.5304894,51.72075373,90.09421617,38.37346244,273.6194713,1514.917561,,3333.485998,555.5809997,,,,,,1825.209738,67.60036067,1562.96696,55.94512607,69.93140759,517.4924161,27.97256303,43.12436801,171.3319486,9.324187678,131.704151,36.13122725,62.93826683,26.80703958,191.1458474,1058.295301
11/20/2024,1,18M_3B,18,F,4-WT-18,200,25,1020,127.5,108.5254902,13837,4.25E+05,4709,56,4585,30,261,641,41,25,174,4,154,18,104,31,195,622,,8678.145552,103.201561,8449.627809,55.28655055,480.9929898,1181.289297,75.55828576,46.07212546,320.6619932,7.371540074,283.8042928,33.17193033,191.6600419,57.12943557,359.3625786,1146.274481,,9960.793525,1660.132254,,,,,,3875.486692,46.08775849,3773.435227,24.68987062,214.8018744,527.5402356,33.74282318,20.57489218,143.2012496,3.291982749,126.7413359,14.81392237,85.59155148,25.51286631,160.484159,511.9033175
11/20/2024,2,18M_3B,18,F,4-WT-18,200,25,1020,127.5,117.0196078,14920,6.22E+05,4703,413,4089,111,2637,1041,39,55,369,7,289,50,208,30,4014,5303,,8037.969169,705.8646113,6988.572386,189.7117962,4506.936997,1779.189008,66.65549598,94.00134048,630.6635389,11.96380697,493.9343164,85.45576408,355.4959786,51.27345845,6860.38874,9063.438338,,20196.61528,3366.102547,,,,,,3589.596689,315.2250548,3120.95702,84.72150383,2012.708159,794.5503197,29.76701486,41.97912352,281.641756,5.342797539,220.5812127,38.16283956,158.7574126,22.89770374,3063.71276,4047.550764
11/20/2024,3,6M_4B,18,F,1-WT-6,200,25,1020,127.5,111.9921569,14279,6.15E+05,4707,52,4550,47,73,500,34,35,151,4,136,21,91,24,141,874,,8405.945795,92.86364591,8125.569017,83.93444919,130.3662721,892.9196722,60.71853771,62.50437706,269.661741,7.143357378,242.8741509,37.50262623,162.5113803,42.86014427,251.8033476,1560.823587,,9181.00007,1530.166678,,,,,,3753.92771,41.47105182,3628.717034,37.48345068,58.21897659,398.7601137,27.11568773,27.91320796,120.4255543,3.190080909,108.4627509,16.74792477,72.57434069,19.14048546,112.4503521,697.0326787
11/20/2024,4,6M_4B,18,F,1-WT-6,200,25,1020,127.5,112.1333333,14297,5.74E+05,5068,101,4854,58,375,649,65,40,155,12,116,17,77,22,261,1242,,9039.239001,180.1426873,8657.550535,103.4482759,668.8466112,1157.550535,115.9334126,71.34363853,276.4565993,21.40309156,206.8965517,30.32104637,137.3365042,39.23900119,465.5172414,2215.219976,,10637.3365,1772.889417,,,,,,4036.743823,80.44813065,3866.289368,46.19793641,298.6935544,516.9389781,51.77354943,31.8606458,123.4600025,9.558193741,92.39587283,13.54077447,61.33174317,17.52335519,207.8907139,989.2730522
11/20/2024,5,6M_3B,6,F,1-WT-6,200,25,1020,127.5,105.8745098,13499,4.05E+05,5984,84,5766,58,238,741,58,41,215,13,181,17,143,21,419,1098,,11303.94844,158.6784206,10892.14016,109.5636714,449.5888584,1399.770353,109.5636714,77.45018149,406.1411956,24.55737462,341.9142159,32.11348989,270.1311208,39.66960516,791.5030743,2074.153641,,13138.19542,2189.699237,,,,,,5048.117882,70.86261733,4864.212518,48.92895006,200.7774158,625.1095172,48.92895006,34.58770608,181.3745563,10.96683363,152.6920683,14.34124398,120.63517,17.71565433,353.4694841,926.2756409
11/20/2024,6,6M_3B,6,F,1-WT-6,200,25,1020,127.5,110.9019608,14140,307192,4992,70,4520,179,108,609,49,43,213,10,186,14,149,22,197,752,,9002.545969,126.2376238,8151.343706,322.8076379,194.7666195,1098.267327,88.36633663,77.54596888,384.1230552,18.03394625,335.4314003,25.24752475,268.7057992,39.67468175,355.2687412,1356.152758,,10102.61669,1683.769448,,,,,,4020.357447,56.37520458,3640.227496,144.1594517,86.97888707,490.4642799,39.46264321,34.63048282,171.5416939,8.053600655,149.7969722,11.27504092,119.9986498,17.71792144,158.6559329,605.6307692
11/20/2024,7,18M_1B,18,F,4-WT-18,200,25,1020,127.5,53.96862745,6881,141312,1979,17,1897,12,58,426,23,37,193,1,188,12,165,10,38,309,,7333.890423,62.99956402,7030.010173,44.47028048,214.939689,1578.694957,85.23470426,137.1166982,715.2303444,3.705856707,696.7010609,44.47028048,611.4663566,37.05856707,140.8225549,1145.109722,,8627.234414,1437.872402,,,,,,3275.169166,28.13434857,3139.462309,19.85954017,95.98777749,705.013676,38.06411866,61.23358219,319.4076044,1.654961681,311.132796,19.85954017,273.0686773,16.54961681,62.88854387,511.3831594
11/20/2024,8,18M_1B,18,F,4-WT-18,200,25,1020,127.5,107.1058824,13656,352616,4250,63,4027,89,483,631,26,20,185,5,172,14,143,15,263,601,,7936.072056,117.6405975,7519.661687,166.1906854,901.9112478,1178.273286,48.55008787,37.34622144,345.4525483,9.33655536,321.1775044,26.14235501,267.0254833,28.00966608,491.102812,1122.253954,,9760.434974,1626.739162,,,,,,3544.091472,52.53594417,3358.130907,74.21744493,402.7755719,526.1933455,21.68150077,16.67807751,154.272217,4.169519378,143.4314666,11.67465426,119.2482542,12.50855813,219.3167193,501.1762293
11/20/2024,9,18M_2B,6,F,4-WT-18,200,25,1020,127.5,104.4392157,13316,254408,2947,73,2772,46,153,658,32,11,141,0,128,12,110,6,542,778,,5643.474016,139.7942325,5308.350856,88.08951637,292.9933914,1260.063082,61.27966356,21.06488435,270.0135176,0,245.1186543,22.97987384,210.6488435,11.48993692,1037.924302,1489.86182,,7326.749775,1221.124962,,,,,,2520.26292,62.42931562,2370.603601,39.3390208,130.845004,562.7190367,27.36627534,9.407157148,120.5826507,0,109.4651014,10.26235325,94.07157148,5.131176626,463.5162886,665.3425692
11/20/2024,10,18M_2B,6,F,4-WT-18,200,25,1020,127.5,110.0784314,14035,318928,4261,100,4016,56,142,944,28,12,257,6,240,46,184,7,421,893,,7741.752761,181.6886356,7296.615604,101.7456359,257.9978625,1715.14072,50.87281796,21.80263627,466.9397934,10.90131813,436.0527253,83.57677235,334.3070894,12.71820449,764.9091557,1622.479515,,9304.275027,1550.712504,,,,,,3457.312351,81.13852031,3258.522976,45.43757138,115.2166988,765.9476318,22.71878569,9.736622438,208.5259972,4.868311219,194.7324488,37.32371934,149.2948774,5.679696422,341.5931705,724.5669864
11/22/2024,1,9M_1B,18,F,2-WT-9,200,25,1020,127.5,111.5529412,14223,386136,368,11,310,24,66,718,18,52,341,6,286,136,123,27,251,1156,,659.7764185,19.72157773,555.7899177,43.02889686,118.3294664,1287.281164,32.27167264,93.22927652,611.3689095,10.75722421,512.7610209,243.8304155,220.5230964,48.40750896,450.0105463,2072.558532,,1964.98629,327.497715,,,,,,871.4998256,26.05026652,734.1438748,56.83694514,156.3015991,1700.371942,42.62770886,123.1467145,807.5582623,14.20923629,677.3069296,322.0760225,291.2893439,63.94156329,594.419718,2737.646191
11/22/2024,2,9M_1B,18,F,2-WT-9,200,25,1020,127.5,119.7960784,15274,4.01E+05,184,14,141,13,35,264,3,25,182,0,163,54,90,19,98,519,,307.1886867,23.37305225,235.4000262,21.70354851,58.43263061,440.7489852,5.008511195,41.7375933,303.8496792,0,272.1291083,90.15320152,150.2553359,31.7205709,163.6113657,866.4724368,,879.8284667,146.6380778,,,,,,405.7660737,30.87350561,310.9403065,28.66825521,77.18376402,582.1861057,6.615751201,55.13126001,401.3555729,0,359.4558153,119.0835216,198.472536,41.89975761,216.1145392,1144.524958
11/22/2024,3,3xTg_12.1A4,6,M,3-3xTg-9,200,25,1020,127.5,111.772549,14251,6.07E+05,477,71,300,75,180,303,18,50,206,5,145,68,56,17,2283,3066,,853.5190513,127.0437162,536.8044348,134.2011087,322.0826609,542.1724791,32.20826609,89.4674058,368.6057119,8.94674058,259.4554768,121.6756719,100.2034945,30.41891797,4085.081749,5486.141323,,5750.964845,958.4941408,,,,,,1127.414808,167.8122671,709.0659171,177.2664793,425.4395503,716.1565763,42.54395503,118.1776529,486.8919298,11.81776529,342.7151933,160.7216079,132.3589712,40.18040197,5395.991629,7246.653673
11/22/2024,4,3xTg_12.1A5,6,M,3-3xTg-9,200,25,1020,127.5,116.7607843,14887,5.15E+05,255,76,119,33,306,223,7,31,180,3,164,85,60,19,1630,2326,,436.7904883,130.1806946,203.8355612,56.5258279,524.148586,381.9775643,11.99032713,53.10002015,308.3226977,5.138711628,280.9162356,145.5968294,102.7742326,32.54517364,2792.033318,3984.214415,,4126.385437,687.7309062,,,,,,576.9573203,171.9559072,269.2467495,74.66506498,692.3487843,504.554833,15.83804409,70.13990953,407.2639908,6.78773318,371.0627472,192.3191068,135.7546636,42.98897681,3688.001694,5262.755792
11/22/2024,5,6M_2A,6,M,1-WT-6,200,25,1020,127.5,113.545098,14477,5.70E+05,353,68,219,36,151,203,12,35,122,4,95,26,55,13,717,1332,,621.7793742,119.7761967,385.74981,63.41092768,265.9736133,357.5671755,21.13697589,61.64951302,214.8925882,7.045658631,167.3343925,45.7967811,96.87780618,22.89839055,1262.93431,2346.204324,,2448.366374,408.0610624,,,,,,821.3094633,158.2125878,509.537599,83.75960532,351.3250112,472.3111078,27.91986844,81.43294961,283.8519958,9.306622813,221.0322918,60.49304829,127.9660637,30.24652414,1668.212139,3099.105397
11/22/2024,6,6M_2A,6,M,1-WT-6,200,25,1020,127.5,113.8196078,14512,5.37E+05,537,79,395,37,206,379,27,56,187,7,121,27,71,21,567,1458,,943.5984013,138.8161521,694.0807607,65.01515987,361.9762955,665.966097,47.44349504,98.40132304,328.5901323,12.30016538,212.6171444,47.44349504,124.7588203,36.90049614,996.3133958,2561.948732,,2776.323043,462.7205072,,,,,,1246.400779,183.3624983,916.8124913,85.87863842,478.135122,879.6757828,62.66819561,129.9784798,434.0352807,16.24730997,280.8463581,62.66819561,164.794144,48.74192992,1316.032108,3384.082563
11/22/2024,7,WT_3.5A3,6,M,4-WT-18,200,25,1020,127.5,112.0156863,14282,4.92E+05,362,42,292,19,63,449,4,25,304,4,277,130,134,12,234,964,,646.3380479,74.98949727,521.3555524,33.92382019,112.4842459,801.6734351,7.141856883,44.63660552,542.7811231,7.141856883,494.5735891,232.1103487,239.2522056,21.42557065,417.7986276,1721.187509,,1771.180507,295.1967512,,,,,,853.7490583,99.05375815,688.6594614,44.81003345,148.5806372,1058.931843,9.433691252,58.96057033,716.9605352,9.433691252,653.2831192,306.5949657,316.028657,28.30107376,551.8709383,2273.519592
11/22/2024,8,WT_3.5A4,6,M,4-WT-18,200,25,1020,127.5,114.8235294,14640,4.80E+05,109,35,51,11,207,136,1,22,87,0,70,24,30,15,396,675,,189.8565574,60.96311475,88.83196721,19.15983607,360.5532787,236.8852459,1.741803279,38.31967213,151.5368852,0,121.9262295,41.80327869,52.25409836,26.12704918,689.7540984,1175.717213,,1431.762295,238.6270492,,,,,,250.7818588,80.52628494,117.3383009,25.30826098,476.2554567,312.9021358,2.300750998,50.61652196,200.1653369,0,161.0525699,55.21802396,69.02252995,34.51126498,911.0973954,1553.006924
11/22/2024,9,WT_3.5A5,6,M,4-WT-18,200,25,1020,127.5,114.345098,14579,6.21E+05,370,49,273,12,47,410,8,38,271,8,224,88,104,31,302,963,,647.1637287,85.70546677,477.5018863,20.9890939,82.20728445,717.127375,13.99272927,66.46546402,474.003704,13.99272927,391.7964195,153.9200219,181.9054805,54.22182591,528.2255299,1684.374786,,1812.05844,302.00974,,,,,,854.8397015,113.208501,630.733077,27.72453086,108.5877459,947.2548044,18.48302057,87.79434772,626.1123219,18.48302057,517.524576,203.3132263,240.2792674,71.62170472,697.7340266,2224.893601
11/22/2024,10,9M_1A,18,M,2-WT-9,200,25,1020,127.5,116,14790,6.03E+05,492,115,294,51,578,471,6,33,352,7,315,105,188,21,1566,31,,848.2758621,198.2758621,506.8965517,87.93103448,996.5517241,812.0689655,10.34482759,56.89655172,606.8965517,12.06896552,543.1034483,181.0344828,324.137931,36.20689655,2700,53.44827586,,5218.965517,869.8275862,,,,,,1120.48907,261.9029331,669.5605421,116.1482573,1316.346916,1072.663317,13.66450086,75.15475472,801.650717,15.94191767,717.3862951,239.128765,428.1543602,47.82575301,3566.434724,70.5999211
11/22/2024,11,9M_1A,18,M,2-WT-9,200,25,1020,127.5,108.3686275,13817,8.15E+05,1309,499,567,156,1726,680,21,85,456,5,383,232,115,33,2807,6302,,2415.828327,920.9307375,1046.428313,287.9062025,3185.423753,1254.975755,38.75660418,156.8719693,841.5719766,9.227762901,706.8466382,428.1681986,212.2385467,60.90323515,5180.466092,11630.67236,,11818.91872,1969.819787,,,,,,3191.071865,1216.459022,1382.228989,380.2958066,4207.631809,1657.69967,51.19366628,207.2124587,1111.633896,12.18896816,933.6749611,565.5681227,280.3462677,80.44718986,6842.886726,15362.97547
1/6/2025,2,WT_20.1A(4),0,M,2-WT-9,200,25,1020,127.5,107.4196078,13696,272928,786,49,703,11,181,205,5,18,44,1,33,3,26,3,157,330,,1463.419977,91.23101636,1308.885806,20.48043224,336.9962033,381.6807827,9.309287383,33.51343458,81.92172897,1.861857477,61.44129673,5.58557243,48.40829439,5.58557243,292.3116238,614.4129673,,2217.472255,369.5787091,,,,,,2334.778216,145.5523316,2088.23039,32.67501321,537.65249,608.943428,14.85227873,53.46820343,130.7000528,2.970455746,98.02503962,8.911367238,77.2318494,8.911367238,466.3615521,980.2503962
1/6/2025,2,WT_21.1C(3),6,M,2-WT-9,200,25,1020,127.5,103.6156863,13211,345112,633,154,453,6,541,165,12,16,44,1,35,4,25,4,276,518,,1221.822723,297.2522898,874.3849822,11.58125804,1044.243434,318.4845962,23.16251609,30.88335478,84.92922565,1.930209674,67.55733858,7.720838695,48.25524184,7.720838695,532.73787,999.848611,,2937.779123,489.6298539,,,,,,1949.327688,474.2440188,1395.016497,18.47703969,1666.013079,508.1185916,36.95407939,49.27210585,135.4982911,3.079506616,107.7827315,12.31802646,76.98766539,12.31802646,849.9438259,1595.184427
1/6/2025,3,9M_2A,12,M,2-WT-9,200,25,1020,127.5,104.9019608,13375,336496,907,41,841,8,72,266,3,12,80,3,68,5,56,7,50,332,,1729.233645,78.1682243,1603.401869,15.25233645,137.271028,507.1401869,5.719626168,22.87850467,152.5233645,5.719626168,129.6448598,9.53271028,106.7663551,13.34579439,95.3271028,632.9719626,,2142.953271,357.1588785,,,,,,2758.864242,124.711614,2558.108961,24.33397347,219.0057613,809.104618,9.125240052,36.50096021,243.3397347,9.125240052,206.8387745,15.20873342,170.3378143,21.29222679,152.0873342,1009.859899
1/6/2025,4,3xTg_9.3A(4),0,M,3-3xTg-9,200,25,1020,127.5,105.8509804,13496,315480,744,72,633,15,242,195,1,20,74,1,65,5,53,7,175,369,,1405.749852,136.0403082,1196.021043,28.34173088,457.2465916,368.4425015,1.889448726,37.78897451,139.8192057,1.889448726,122.8141672,9.447243628,100.1407825,13.22614108,330.653527,697.2065797,,2373.147599,395.5245999,,,,,,2242.769802,217.0422389,1908.163017,45.21713311,729.5030809,587.8227305,3.014475541,60.28951082,223.07119,3.014475541,195.9409102,15.0723777,159.7672037,21.10132879,527.5332196,1112.341475
1/6/2025,5,3xTg_13.1A(3),12,M,3-3xTg-9,200,25,1020,127.5,107.7333333,13736,349944,683,42,620,5,91,137,3,12,48,2,40,4,29,7,74,296,,1267.945545,77.97029703,1150.990099,9.282178218,168.9356436,254.3316832,5.569306931,22.27722772,89.10891089,3.712871287,74.25742574,7.425742574,53.83663366,12.9950495,137.3762376,549.5049505,,1691.212871,281.8688119,,,,,,2022.913234,124.3958357,1836.31948,14.80902806,269.5243108,405.767369,8.885416839,35.54166735,142.1666694,5.923611226,118.4722245,11.84722245,85.89236277,20.73263929,219.1736154,876.6944614
1/6/2025,6,3xTg_3.621A(4),0,M,5-3xTg-18,200,25,1020,127.5,101.3960784,12928,357848,257,31,215,2,50,121,3,8,32,1,29,1,27,1,59,157,,506.9229579,61.14634901,424.0795173,3.944925743,98.62314356,238.6680074,5.917388614,15.77970297,63.11881188,1.972462871,57.20142327,1.972462871,53.25649752,1.972462871,116.3753094,309.6766708,,806.7373144,134.4562191,,,,,,808.7580452,97.55447238,676.5874697,6.293836927,157.3459232,380.7771341,9.440755391,25.17534771,100.7013908,3.146918464,91.26063545,3.146918464,84.96679852,3.146918464,185.6681894,494.0661988
1/6/2025,7,3xTg_4.91A(3),6,M,5-3xTg-18,200,25,1020,127.5,111.0196078,14155,258696,350,36,296,4,79,157,3,8,43,0,37,4,32,1,130,188,,630.5192511,64.85340869,533.2391381,7.205934299,142.3172024,282.8329212,5.404450724,14.4118686,77.46379371,0,66.65489226,7.205934299,57.64747439,1.801483575,234.1928647,338.678912,,1104.309431,184.0515719,,,,,,1005.94678,103.4688116,850.7435621,11.49653462,227.0565588,451.238984,8.622400968,22.99306925,123.5877472,0,106.3429453,11.49653462,91.97227699,2.874133656,373.6373753,540.3371273
1/6/2025,8,3xTg_9.2A(3),12,M,5-3xTg-18,200,25,1020,127.5,106.7137255,13606,331960,287,38,232,6,110,211,2,9,36,1,26,1,21,4,111,179,,537.8876966,71.21858004,434.8081729,11.24503895,206.1590475,395.4505365,3.748346318,16.86755843,67.47023372,1.874173159,48.72850213,1.874173159,39.35763634,7.496692636,208.0332206,335.4769954,,1040.166103,173.3610172,,,,,,858.159993,113.6239712,693.7042452,17.94062703,328.9114956,630.9120506,5.980209011,26.91094055,107.6437622,2.990104505,77.74271714,2.990104505,62.79219461,11.96041802,331.9016001,535.2287064
1/6/2025,9,3xTg_5.5C(3),18,M,5-3xTg-18,200,25,1020,127.5,105.1686275,13409,286456,330,72,251,1,243,151,7,9,58,3,43,2,37,4,203,346,,627.5635767,136.9229622,477.3286599,1.901707808,462.1149974,287.157879,13.31195466,17.11537027,110.2990529,5.705123425,81.77343575,3.803415616,70.3631889,7.606831233,386.0466851,657.9909016,,1616.451637,269.4086062,,,,,,1001.23122,218.450448,761.5425339,3.034033999,737.2702619,458.1391339,21.238238,27.306306,175.973972,9.102101998,130.463462,6.068067999,112.259258,12.136136,615.9089019,1049.775764
1/6/2025,10,3xTg_4.91A(3),6,M,5-3xTg-18,200,25,1020,127.5,108.3764706,13818,365856,388,31,340,4,44,284,0,21,116,4,100,10,85,5,176,208,,716.0225792,57.20798958,627.4424663,7.381676075,81.19843682,524.0990013,0,38.75379939,214.0686062,7.381676075,184.5419019,18.45419019,156.8606166,9.227095093,324.7937473,383.8471559,,1374.837169,229.1395282,,,,,,1142.361009,91.27111151,1001.037997,11.77691761,129.5460938,836.1611506,0,61.82881748,341.5306108,11.77691761,294.4229404,29.44229404,250.2594993,14.72114702,518.184375,612.3997159
1/6/2025,11,3xTg_4.91A(3),6,M,5-3xTg-18,200,25,1020,127.5,108.2352941,13800,387168,497,50,428,8,109,278,3,19,117,3,104,11,90,2,153,284,,918.3695652,92.39130435,790.8695652,14.7826087,201.4130435,513.6956522,5.543478261,35.10869565,216.1956522,5.543478261,192.173913,20.32608696,166.3043478,3.695652174,282.7173913,524.7826087,,1659.347826,276.557971,,,,,,1465.190642,147.4034851,1261.773833,23.58455762,321.3395976,819.5633774,8.844209108,56.01332435,344.9241552,8.844209108,306.5992491,32.42876673,265.3262733,5.896139406,451.0546645,837.2517956
1/6/2025,12,3xTg_5.5C(3),18,M,5-3xTg-18,200,25,1020,127.5,104.7764706,13359,308976,411,56,338,4,179,163,2,7,54,0,47,3,39,4,131,252,,784.527285,106.8942286,645.1830227,7.635302044,341.6797664,311.1385583,3.817651022,13.36177858,103.0765776,0,89.71479901,5.726476533,74.44419492,7.635302044,250.0561419,481.0240287,,1496.519201,249.4198668,,,,,,1251.655194,170.541827,1029.341741,12.18155907,545.1247683,496.398532,6.090779534,21.31772837,164.4510474,0,143.1333191,9.136169301,118.7702009,12.18155907,398.9460595,767.4382213
1/7/2025,1,18M_4B(3),0,F,4-WT-18,200,25,1020,127.5,119.2392157,15203,350784,483,25,427,6,58,212,3,3,153,2,145,35,106,3,67,409,,810.1361573,41.93251332,716.2073275,10.0638032,97.2834309,355.587713,5.031901598,5.031901598,256.6269815,3.354601066,243.2085773,58.70551865,177.7938565,5.031901598,112.3791357,686.0159179,,1286.489509,214.4149181,,,,,,1899.458337,98.31564889,1679.231283,23.59575573,228.0923054,833.7167026,11.79787787,11.79787787,601.6917712,7.865251911,570.2307636,137.6419084,416.8583513,11.79787787,263.485939,1608.444016
1/7/2025,2,WT_18.3B(3),0,F,1-WT-6,200,25,1020,127.5,126.4705882,16125,232248,387,16,344,8,36,74,2,3,44,2,35,5,29,1,65,266,,612,25.30232558,544,12.65116279,56.93023256,117.0232558,3.162790698,4.744186047,69.58139535,3.162790698,55.34883721,7.906976744,45.86046512,1.581395349,102.7906977,420.6511628,,849.2093023,141.5348837,,,,,,1434.905098,59.32424177,1275.471198,29.66212088,133.479544,274.3746182,7.415530221,11.12329533,163.1416649,7.415530221,129.7717789,18.53882555,107.5251882,3.70776511,241.0047322,986.2655193
1/7/2025,3,WT_20.2B(3),12,F,1-WT-6,200,25,1020,127.5,126.854902,16174,297664,697,120,512,24,341,164,3,12,81,5,66,12,46,8,307,756,,1098.893286,189.1925312,807.2214666,37.83850624,537.6221096,258.563126,4.729813281,18.91925312,127.7049586,7.883022134,104.0558922,18.91925312,72.52380364,12.61283541,484.017559,1191.912947,,2271.886979,378.6478299,,,,,,2576.482969,443.5838685,1892.624505,88.71677369,1260.517493,606.2312869,11.08959671,44.35838685,299.4191112,18.48266119,243.9711277,44.35838685,170.0404829,29.5722579,1134.835397,2794.578371
1/7/2025,4,18M_5B,6,F,4-WT-18,200,25,1020,127.5,118.1803922,15068,333120,1155,124,928,29,290,455,14,19,169,3,144,42,83,18,385,944,,1954.63897,209.848686,1570.480488,49.07751526,490.7751526,770.0092912,23.69259358,32.15423414,286.003451,5.076984338,243.6952482,71.07778073,140.4632333,30.46190603,651.5463233,1597.557738,,3438.810725,573.1351208,,,,,,4582.878141,492.0146229,3682.173952,115.067936,1150.67936,1805.376237,55.55003807,75.38933738,670.5683167,11.90357959,571.3718202,166.6501142,329.3323686,71.42147752,1527.626047,3745.65971
1/7/2025,5,18M_5B,6,F,4-WT-18,200,25,1020,127.5,126.2509804,16097,330456,562,46,479,14,133,222,4,8,78,0,70,25,41,4,145,434,,890.2901162,72.87072125,758.8059887,22.1780456,210.6914332,351.6804373,6.336584457,12.67316891,123.5633969,0,110.890228,39.60365285,64.94999068,6.336584457,229.7011866,687.5194136,,1473.255886,245.5426477,,,,,,2087.388605,170.8538716,1779.108793,51.99900439,493.9905417,824.555641,14.8568584,29.71371679,289.7087387,0,259.9950219,92.85536498,152.2827986,14.8568584,538.5611169,1611.969136
1/7/2025,6,18M_6B,18,F,4-WT-18,200,25,1020,127.5,114.1647059,14556,260032,479,45,365,30,57,261,7,13,94,3,75,20,43,11,244,426,,839.1384996,78.83347073,639.4270404,52.55564716,99.8557296,457.2341303,12.26298434,22.77411377,164.6743611,5.255564716,131.3891179,35.0370981,75.32976092,19.27040396,427.4525969,746.2901896,,1566.158285,261.0263809,,,,,,1967.457697,184.8342304,1499.21098,123.2228203,234.1233585,1072.038537,28.7519914,53.39655546,386.0981702,12.32228203,308.0570507,82.14854686,176.6193757,45.18170077,1002.212272,1749.764048
1/7/2025,7,18M_6B,18,F,4-WT-18,200,25,1020,127.5,123.8666667,15793,338512,296,19,238,13,126,233,7,11,105,1,88,31,56,1,44,317,,477.9332616,30.67814855,384.2841765,20.99031216,203.444564,376.2109795,11.30247578,17.76103337,169.5371367,1.614639397,142.088267,50.05382131,90.41980624,1.614639397,71.04413348,511.8406889,,951.022605,158.5037675,,,,,,1120.570055,71.92848323,900.9988952,49.21422537,476.9994151,882.070347,26.49996751,41.64280608,397.4995126,3.785709644,333.1424487,117.356999,211.9997401,3.785709644,166.5712243,1200.069957
1/7/2025,8,WT_5.6B(2),12,F,4-WT-18,200,25,1020,127.5,114.4705882,14595,341000,1244,87,1047,40,176,670,21,26,278,2,253,77,149,25,256,1051,,2173.48407,152.004111,1829.290853,69.88694758,307.5025694,1170.606372,36.69064748,45.42651593,485.7142857,3.494347379,442.0349435,134.5323741,260.3288798,43.67934224,447.2764645,1836.279548,,3496.094553,582.6824255,,,,,,5095.985901,356.391297,4288.984919,163.8580676,720.9754973,2744.622632,86.02548547,106.5077439,1138.81357,8.192903378,1036.402277,315.4267801,610.3713017,102.4112922,1048.691632,4305.370725
1/7/2025,9,WT_5.6B(2),12,F,4-WT-18,200,25,1020,127.5,119.8117647,15276,4.12E+05,1075,81,928,22,183,410,3,11,182,4,163,23,133,7,155,807,,1794.48154,135.2120974,1549.096622,36.72427337,305.479183,684.4069128,5.00785546,18.36213668,303.8098979,6.677140613,272.09348,38.39355852,222.0149254,11.68499607,258.7391987,1347.113119,,2685.879811,447.6466352,,,,,,4207.37044,317.0204703,3632.036993,86.10432527,716.231433,1604.671516,11.7414989,43.05216264,712.3176,15.65533187,637.9547736,90.01815824,520.5397846,27.39683077,606.6441099,3158.463204
1/7/2025,10,6M_7B,6,F,1-WT-6,200,25,1020,127.5,118.7058824,15135,391792,481,43,394,18,137,207,14,20,83,3,66,10,50,3,130,337,,810.4063429,72.44796829,663.8255699,30.32705649,230.8225966,348.7611497,23.5877106,33.69672944,139.8414272,5.054509415,111.1992071,16.84836472,84.24182359,5.054509415,219.0287413,567.789891,,1457.383548,242.897258,,,,,,1900.091818,169.8626781,1556.416167,71.10530712,541.1903931,817.7110319,55.30412776,79.0058968,327.8744717,11.85088452,260.7194594,39.5029484,197.514742,11.85088452,513.5383292,1331.249361
1/7/2025,11,6M_7B,6,F,1-WT-6,200,25,1020,127.5,122.1490196,15574,330696,1254,108,1025,46,178,389,18,32,147,6,109,18,79,11,269,780,,2053.229742,176.8331835,1678.277899,75.31783742,291.4472839,636.9269295,29.47219725,52.39501734,240.6896109,9.824065751,178.4705278,29.47219725,129.350199,18.01078721,440.4456145,1277.128548,,3107.679466,517.9465776,,,,,,4814.035659,414.6059419,3934.917504,176.5914197,683.3320154,1493.34918,69.10099032,122.846205,564.3247543,23.03366344,418.4448858,69.10099032,303.2765686,42.22838297,1032.675911,2994.376247
1/8/2025,1,18M_1A(3),0,M,4-WT-18,200,25,1020,127.5,109.3176471,13938,4.02E+05,973,124,761,49,191,276,16,25,139,1,124,26,89,8,909,1049,,1780.133448,226.8618166,1392.272923,89.64700818,349.4403788,504.950495,29.27249247,45.73826948,254.3047783,1.829530779,226.8618166,47.56780026,162.8282393,14.63624623,1663.043478,1919.177787,,4121.932845,686.9888076,,,,,,2240.280131,285.503326,1752.161541,112.8198627,439.7672199,635.475145,36.83913884,57.56115444,320.0400187,2.302446178,285.503326,59.86360062,204.9177098,18.41956942,2092.923576,2415.26604
1/8/2025,2,18M_2A,6,M,4-WT-18,200,25,1020,127.5,117.3803922,14966,377528,643,203,360,47,588,344,34,17,142,2,127,48,72,7,1480,1461,,1095.583322,345.8840037,613.3903515,80.08151811,1001.870907,586.1285581,57.93131097,28.96565549,241.9484164,3.407724175,216.3904851,81.7853802,122.6780703,11.92703461,2521.715889,2489.34251,,4948.015502,824.6692503,,,,,,1378.780648,435.2915575,771.9456192,100.7817892,1260.844511,737.636925,72.90597515,36.45298757,304.4896609,4.288586773,272.3252601,102.9260826,154.3891238,15.01005371,3173.554212,3132.812638
1/8/2025,3,18M_2A,6,M,4-WT-18,200,25,1020,127.5,112.2039216,14306,244352,682,81,545,27,170,311,34,16,110,2,103,25,70,8,376,593,,1215.643786,144.3799804,971.4455473,48.12666014,303.019712,554.3478261,60.6039424,28.51950231,196.0715784,3.564937788,183.5942961,44.56172235,124.7728226,14.25975115,670.2083042,1057.004054,,2474.066825,412.3444709,,,,,,1529.87554,181.7007606,1222.5545,60.56692019,381.3472753,697.6411918,76.26945506,35.89150826,246.7541193,4.486438533,231.0515844,56.08048166,157.0253486,17.94575413,843.4504441,1330.229025
1/8/2025,4,WT_10.2C(3),12,M,4-WT-18,200,25,1020,127.5,119.5372549,15241,331824,467,59,362,22,163,188,12,12,93,2,87,19,65,3,252,446,,781.3463683,98.71399514,605.6689194,36.80860836,272.7183256,314.5462896,20.07742274,20.07742274,155.6000262,3.346237124,145.5613149,31.78925267,108.7527065,5.019355685,421.6258776,746.2108786,,1671.445443,278.5742405,,,,,,983.3165857,124.2305751,762.2282742,46.32326528,343.2132837,395.8533578,25.26723561,25.26723561,195.821076,4.211205935,183.1874582,40.00645638,136.8641929,6.316808902,530.6119478,939.0989234
1/8/2025,5,WT_18.3A(3),0,M,1-WT-6,200,25,1020,127.5,108.9882353,13896,322928,1004,102,816,26,294,322,26,20,178,5,169,30,114,25,399,717,,1842.400691,187.1761658,1497.409326,47.71157168,539.507772,590.8894646,47.71157168,36.70120898,326.6407599,9.175302245,310.1252159,55.05181347,209.1968912,45.87651123,732.1891192,1315.738342,,3525.151123,587.5251871,,,,,,2318.642833,235.5593316,1884.474653,60.04453551,678.9651323,743.6284782,60.04453551,46.18810424,411.0741277,11.54702606,390.2894808,69.28215636,263.2721942,57.7351303,921.4526795,1655.843537
1/8/2025,6,6M_4A,6,M,1-WT-6,200,25,1020,127.5,113.4117647,14460,315608,649,81,517,27,145,172,25,10,63,1,57,8,41,8,242,474,,1144.502075,142.8423237,911.7219917,47.61410788,255.7053942,303.3195021,44.08713693,17.63485477,111.0995851,1.763485477,100.5186722,14.10788382,72.30290456,14.10788382,426.7634855,835.8921162,,1999.792531,333.2987552,,,,,,1440.344408,179.7656349,1147.393003,59.9218783,321.8026798,381.7245581,55.48322065,22.19328826,139.817716,2.219328826,126.5017431,17.75463061,90.99248187,17.75463061,537.0775759,1051.961864
1/8/2025,7,6M_4A,6,M,1-WT-6,200,25,1020,127.5,113.1137255,14422,4.34E+05,1302,210,948,64,845,514,62,53,161,12,126,32,51,41,1195,1624,,2302.107891,371.3077243,1676.189155,113.1604493,1494.071557,908.8198585,109.6241853,93.71099709,284.6692553,21.21758425,222.7846346,56.58022466,90.17473305,72.49341284,2112.917765,2871.446401,,6397.10165,1066.183608,,,,,,2897.179744,467.2870554,2109.467279,142.4112931,1880.274104,1143.740698,137.9609402,117.9343521,358.2534091,26.70211745,280.3722332,71.20564654,113.4839992,91.23223463,2659.085863,3613.686562
1/8/2025,8,WT_21.2A(4),12,M,1-WT-6,200,25,1020,127.5,113.4509804,14465,299376,769,97,611,30,219,243,30,21,133,2,127,24,96,7,223,651,,1355.651573,170.998963,1077.117179,52.88627722,386.0698237,428.3788455,52.88627722,37.02039405,234.4624957,3.525751815,223.8852402,42.30902178,169.2360871,12.34013135,393.1213273,1147.632216,,2459.211891,409.8686485,,,,,,1706.073938,215.2004838,1355.541192,66.55685066,485.8650098,539.1104903,66.55685066,46.58979546,295.0687046,4.437123377,281.7573344,53.24548052,212.9819221,15.52993182,494.7392565,1444.283659
1/8/2025,9,WT_21.2A(4),12,M,1-WT-6,200,25,1020,127.5,109.7333333,13991,336184,998,112,765,79,340,211,25,19,106,7,90,16,61,12,167,566,,1818.955043,204.1312272,1394.289186,143.9854192,619.6840826,384.5686513,45.56500608,34.62940462,193.1956258,12.7582017,164.0340219,29.16160389,111.1786148,21.87120292,304.3742406,1031.591738,,3016.403402,502.7339004,,,,,,2289.136719,256.8971067,1754.698988,181.2042092,779.8662169,483.9757993,57.34310418,43.58075918,243.1347617,16.05606917,206.4351751,36.69958668,139.9171742,27.52469001,383.0519359,1298.247879
1/8/2025,10,WT_22.3A(3),18,M,1-WT-6,200,25,1020,127.5,109.945098,14018,322800,937,90,774,35,276,336,49,22,141,6,127,13,100,14,369,786,,1704.487088,163.7180768,1407.97546,63.66814096,502.0687687,611.2141532,89.13539735,40.01997432,256.4916536,10.91453845,231.0243972,23.64816664,181.9089742,25.46725638,671.2441147,1429.804537,,3263.446997,543.9078328,,,,,,2145.079944,206.0375613,1771.923027,80.12571828,631.8485213,769.2068955,112.1760056,50.3647372,322.7921794,13.73583742,290.741892,29.76098108,228.9306237,32.05028731,844.7540013,1799.394702
1/8/2025,11,WT_10.2A(2),12,M,4-WT-18,200,25,1020,127.5,115.0039216,14663,307240,756,54,643,25,216,391,37,19,226,5,210,37,157,15,351,715,,1314.737775,93.9098411,1118.222738,43.47677829,375.6393644,679.9768124,64.34563186,33.0423515,393.0300757,8.695355657,365.2049376,64.34563186,273.0341676,26.08606697,610.4139671,1243.435859,,2791.209166,465.2015277,,,,,,1654.584334,118.1845953,1407.272125,54.71509041,472.7383811,855.7440139,80.9783338,41.58346871,494.6244173,10.94301808,459.6067594,80.9783338,343.6107677,32.82905424,768.1998693,1564.851586
1/8/2025,12,WT_10.2A(2),12,M,4-WT-18,200,25,1020,127.5,113.1372549,14425,240976,598,44,521,18,58,273,13,7,171,2,168,35,125,8,68,420,,1057.12305,77.78162912,921.0051993,31.81975737,102.5303293,482.5996534,22.98093588,12.37435009,302.287695,3.535528596,296.9844021,61.87175043,220.9705373,14.14211438,120.2079723,742.4610052,,1617.504333,269.5840555,,,,,,1330.37878,97.88740189,1159.075827,40.04484623,129.0333934,607.3468345,28.92127783,15.57299576,380.4260392,4.449427359,373.7518981,77.86497878,278.0892099,17.79770943,151.2805302,934.3797453
1/9/2025,13,3xTg_5.5A,18,M,5-3xTg-18,200,25,1020,127.5,115.7176471,14754,3+L107:U10745040,625,47,553,14,220,225,5,5,169,1,167,19,144,4,201,549,,1080.215535,81.23220821,955.7747052,24.19682798,380.2358682,388.8775925,8.641724278,8.641724278,292.0902806,1.728344856,288.6335909,32.83855226,248.8816592,6.913379423,347.397316,948.8613257,,2117.222448,352.870408,,,,,,2088.627093,157.0647574,1848.017252,46.78524687,735.1967366,751.9057533,16.70901674,16.70901674,564.7647658,3.341803348,558.0811591,63.49426361,481.2196821,13.36721339,671.702473,1834.650038
1/9/2025,1,9M_2B,0,F,2-WT-9,200,25,1020,127.5,116.2117647,14817,240392,877,116,677,24,181,420,19,23,199,9,180,23,134,20,95,578,,1509.313626,199.6355538,1165.114396,41.30390767,311.5003037,722.8183843,32.69892691,39.58291152,342.4782345,15.48896538,309.7793076,39.58291152,230.6134845,34.41992306,163.4946345,994.7357765,,2399.068637,399.8447729,,,,,,2918.300311,386.0009533,2252.781426,79.86226621,602.294591,1397.589659,63.22429408,76.53467178,662.1912906,29.94834983,598.9669965,76.53467178,445.897653,66.5518885,316.1214704,1923.349578
1/9/2025,2,WT_14.2B(3),12,F,2-WT-9,200,25,1020,127.5,114.2666667,14569,307128,1064,71,913,29,63,452,11,13,203,3,187,45,126,16,204,648,,1862.310385,124.2707118,1598.016336,50.75845974,110.2683781,791.1318553,19.25320887,22.7537923,355.3092182,5.250875146,327.3045508,78.76312719,220.5367561,28.00466744,357.0595099,1134.189032,,2726.954492,454.4924154,,,,,,3600.829464,240.2809135,3089.809493,98.14290832,213.2070077,1529.675675,37.2266204,43.99509683,687.0003583,10.15271465,632.8525468,152.2907198,426.4140155,54.14781149,690.3845965,2192.986365
1/9/2025,3,WT_20.1B/21.1B(2),6,F,2-WT-9,200,25,1020,127.5,113.6,14484,390504,931,113,701,54,79,377,22,16,180,10,159,25,116,18,253,628,,1639.084507,198.943662,1234.15493,95.07042254,139.084507,663.7323944,38.73239437,28.16901408,316.9014085,17.6056338,279.9295775,44.01408451,204.2253521,31.69014085,445.4225352,1105.633803,,2607.394366,434.5657277,,,,,,3169.215956,384.6631611,2386.273238,183.8213336,268.9238029,1283.345237,74.89017296,54.46558034,612.7377788,34.04098771,541.2517046,85.10246927,394.8754574,61.27377788,861.236989,2137.774028
1/9/2025,4,WT_20.1B/21.1B(2),6,F,2-WT-9,200,25,1020,127.5,111.4196078,14206,283608,857,104,665,36,210,554,22,17,206,7,187,45,126,16,333,805,,1538.328875,186.6816838,1193.685767,64.62058285,376.9534,994.4389694,39.49035619,30.51527524,369.7733352,12.56511333,335.6680276,80.77572857,226.17204,28.72025905,597.7403914,1444.988033,,2952.801633,492.1336055,,,,,,2974.40211,360.9542817,2308.024975,124.9457129,728.849992,1922.775693,76.35571344,59.00214221,714.967135,24.29499973,649.0235643,156.1821411,437.3099952,55.53142796,1155.747844,2793.924969
1/9/2025,5,3xTg_9.3B(3),0,F,3-3xTg-9,200,25,1020,127.5,117.1372549,14935,299016,799,57,686,23,130,243,9,12,144,3,131,34,89,7,146,512,,1364.211584,97.32172749,1171.275527,39.27017074,221.9618346,414.8978909,15.36658855,20.48878473,245.8654168,5.122196183,223.6692333,58.05155675,151.9584868,11.95179109,249.2802143,874.1881486,,2117.174422,352.8624037,,,,,,2637.741434,188.174295,2264.694147,75.92997869,429.1694448,802.2167314,29.71173079,39.61564106,475.3876927,9.903910264,432.4707482,112.2443163,293.8160045,23.10912395,481.9902995,1690.267352
1/9/2025,6,3xTg_9.2B(3),12,F,3-3xTg-9,200,25,1020,127.5,111.7882353,14253,4.63E+05,1290,78,1014,122,132,507,22,30,216,8,194,43,125,26,231,757,,2307.935172,139.5495685,1814.144391,218.2698379,236.1608083,907.0721953,39.36013471,53.67291097,386.444959,14.31277626,347.0848242,76.93117238,223.637129,46.51652284,413.2814144,1354.346453,,3436.855399,572.8092331,,,,,,4462.457512,269.8230123,3507.69916,422.0308654,456.6235593,1753.84958,76.10392655,103.7780817,747.202188,27.67415511,671.0982614,148.7485837,432.4086736,89.94100411,799.0912288,2618.666927
1/9/2025,7,3xTg_(1?)3.1B(3),18,F,3-3xTg-9,200,25,1020,127.5,113.5372549,14476,281312,608,57,479,41,290,467,17,20,117,10,87,10,69,8,122,507,,1071.014092,100.4075712,843.7759049,72.22298978,510.8455374,822.6374689,29.94611771,35.23072672,206.0997513,17.61536336,153.2536612,17.61536336,121.5460072,14.09229069,214.907433,893.0989224,,2068.043658,344.6739431,,,,,,2070.835845,194.1408605,1631.464424,139.6451803,987.7342024,1590.592664,57.90166014,68.11960016,398.499661,34.05980008,296.3202607,34.05980008,235.0126206,27.24784007,415.529561,1726.831864
1/9/2025,8,3xTg_7.2B(3),0,F,5-3xTg-18,200,25,1020,127.5,113.4901961,14470,314016,354,9,318,8,53,172,8,4,95,2,90,9,75,6,36,278,,623.8424326,15.86040083,560.4008293,14.09813407,93.40013822,303.1098825,14.09813407,7.049067035,167.4153421,3.524533518,158.6040083,15.86040083,132.1700069,10.57360055,63.44160332,489.9101589,,969.2467173,161.5411196,,,,,,1206.216875,30.66653071,1083.550752,27.25913841,180.591792,586.0714758,27.25913841,13.6295692,323.7022686,6.814784602,306.6653071,30.66653071,255.5544226,20.44435381,122.6661228,947.2550597
1/9/2025,9,3xTg_7.2D(2),0,F,5-3xTg-18,200,25,1020,127.5,111.1215686,14168,214792,589,41,515,3,105,263,20,13,106,3,97,23,66,8,209,532,,1060.100226,73.79305477,926.9127612,5.399491813,188.9822134,473.3554489,35.99661208,23.39779785,190.782044,5.399491813,174.5835686,41.3961039,118.7888199,14.39864483,376.1645963,957.5098814,,1875.42349,312.5705816,,,,,,2049.733578,142.6809451,1792.211872,10.44006916,365.4024204,915.2460626,69.60046104,45.24029967,368.8824435,10.44006916,337.562236,80.04053019,229.6815214,27.84018441,727.3248178,1851.372264
1/9/2025,10,3xTg_7.2D(2),0,F,5-3xTg-18,200,25,1020,127.5,110.8,14127,265936,388,17,351,6,14,163,8,6,96,0,95,22,69,4,30,278,,700.3610108,30.68592058,633.5740072,10.83032491,25.27075812,294.2238267,14.44043321,10.83032491,173.2851986,0,171.4801444,39.71119134,124.5487365,7.220216606,54.15162455,501.8050542,,978.3393502,163.0565584,,,,,,1354.167696,59.33208977,1225.033148,20.94073757,48.86172099,568.8900372,27.92098342,20.94073757,335.0518011,0,331.5616781,76.78270441,240.818482,13.96049171,104.7036878,970.2541739
1/9/2025,11,3xTg_4.91B/2.22B(2),12,F,5-3xTg-18,200,25,1020,127.5,114.8392157,14642,390864,826,28,734,34,66,251,12,10,124,2,116,25,85,6,96,501,,1438.532987,48.76383008,1278.308974,59.21322224,114.9433138,437.1329053,20.89878432,17.4156536,215.9541046,3.48313072,202.0215818,43.539134,148.0330556,10.44939216,167.1902746,872.5242453,,1974.935118,329.155853,,,,,,2781.443956,94.28623581,2471.646324,114.4904292,222.2461273,845.2087567,40.40838678,33.67365565,417.55333,6.734731129,390.6144055,84.18413912,286.226073,20.20419339,323.2670942,1687.050148
1/9/2025,12,3xTg_4.91B/2.22B(2),12,F,5-3xTg-18,200,25,1020,127.5,110.454902,14083,360552,1370,91,1203,24,197,726,18,21,399,3,379,85,269,23,215,1039,,2480.65043,164.7731307,2178.264574,43.45664986,356.7066676,1314.563658,32.5924874,38.02456863,722.4668039,5.432081233,686.2529291,153.9089683,487.0766172,41.64595612,389.299155,1881.3108,,4019.740112,669.9566854,,,,,,4796.407317,318.5934787,4211.735768,84.02465372,689.702366,2541.745775,63.01849029,73.52157201,1396.909868,10.50308172,1326.889323,297.5873153,941.7763271,80.52362648,752.7208563,3637.567301
1/10/2025,1,WT_20.1A(4),0,M,2-WT-9,200,25,1040,130,113.1769231,14713,274232,614,59,496,28,58,259,17,15,176,6,163,26,130,7,201,537,,1085.026847,104.2615374,876.5037722,49.48005165,102.4943927,457.6904778,30.04145993,26.50717053,311.0174675,10.60286821,288.0445864,45.94576225,229.7288113,12.37001291,355.1960851,948.956705,,1910.283423,318.3805705,,,,,,1430.862483,137.4933005,1155.875882,65.25105788,135.1629056,603.5722854,39.61671371,34.95592386,410.1495067,13.98236955,379.8543727,60.59026803,302.9513402,16.31276447,468.4093798,1251.422074
1/10/2025,2,9M_2A,12,M,2-WT-9,200,25,1040,130,121.5384615,15800,337384,1148,74,989,49,74,407,14,23,180,3,167,35,115,17,146,661,,1889.113924,121.7721519,1627.468354,80.63291139,121.7721519,669.7468354,23.03797468,37.84810127,296.2025316,4.936708861,274.8101266,57.59493671,189.2405063,27.97468354,240.2531646,1087.721519,,2608.227848,434.7046414,,,,,,2491.239962,160.5851543,2146.198887,106.333413,160.5851543,883.2183489,30.38097514,49.91160202,390.6125376,6.51020896,362.4016321,75.95243786,249.5580101,36.8911841,316.8301694,1434.416041
1/10/2025,3,3xTg_9.3A(4),0,M,3-3xTg-9,200,25,1040,130,107.1846154,13934,321240,856,98,648,62,218,415,17,29,275,9,251,42,184,25,276,731,,1597.244151,182.862064,1209.12875,115.6882446,406.7747955,774.3648629,31.72097029,54.11224343,513.1333429,16.79345486,468.3507966,78.36945601,343.3328549,46.64848572,514.9992823,1364.001722,,3117.984785,519.6641309,,,,,,2106.341183,241.1465373,1594.519961,152.562095,536.4280116,1021.181765,41.83154219,71.35968962,676.6867119,22.14611057,617.630417,103.348516,452.7649272,61.51697381,679.1473908,1798.756314
1/10/2025,4,3xTg_13.1A(3),12,M,3-3xTg-9,200,25,1040,130,110.2461538,14332,308944,967,88,812,32,146,343,27,16,166,8,149,23,110,13,250,601,,1754.25621,159.6427575,1473.067262,58.05191181,264.8618476,622.2439297,48.98130059,29.0259559,301.1442925,14.51297795,270.3042143,41.72481161,199.5534468,23.58358917,453.530561,1090.287469,,2851.800167,475.3000279,,,,,,2313.398423,210.5264336,1942.584819,76.55506675,349.282492,820.5746217,64.59333757,38.27753337,397.1294088,19.13876669,356.4595296,55.02395423,263.158042,31.10049587,598.086459,1437.799847
1/10/2025,5,3xTg_13.1A(3),12,M,3-3xTg-9,200,25,1040,130,112.1153846,14575,298272,782,84,652,29,231,264,24,21,139,4,120,24,85,10,233,598,,1394.991424,149.8456261,1163.087479,51.73241852,412.0754717,470.9433962,42.81303602,37.46140652,247.9588336,7.135506003,214.0651801,42.81303602,151.6295026,17.83876501,415.6432247,1066.758148,,2550.943396,425.1572327,,,,,,1839.623506,197.6066171,1533.803742,68.22133208,543.4181969,621.0493679,56.45903345,49.40165427,326.991902,9.409838908,282.2951672,56.45903345,199.9590768,23.52459727,548.1231164,1406.770917
1/10/2025,6,WT_21.1C(3),6,M,2-WT-9,200,25,1040,130,113.3615385,14737,369352,1040,135,827,36,362,305,27,33,169,3,152,23,113,15,351,879,,1834.837484,238.1760195,1459.048653,63.51360521,638.6645857,538.1013775,47.63520391,58.22080478,298.1610911,5.292800434,268.1685553,40.57813666,199.3621497,26.46400217,619.2576508,1550.790527,,3496.77682,582.7961367,,,,,,2419.66374,314.0909663,1924.097994,83.75759101,842.2291096,709.6129238,62.81819326,76.77779176,393.1953578,6.979799251,353.643162,53.51179426,262.9057718,34.89899625,816.6365124,2045.081181
1/10/2025,7,WT_21.1C(3),6,M,2-WT-9,200,25,1040,130,109.8692308,14283,329336,900,102,732,27,406,338,12,28,191,4,172,40,121,11,447,901,,1638.311279,185.6752783,1332.493174,49.14933837,739.0604215,615.2769026,21.84415039,50.96968424,347.6860604,7.281383463,313.0994889,72.81383463,220.2618498,20.02380452,813.694602,1640.131625,,3611.566198,601.9276996,,,,,,2160.497827,244.8564204,1757.2049,64.81493482,974.6245755,811.3869618,28.8066377,67.21548796,458.50565,9.602212566,412.8951403,96.02212566,290.4669301,26.40608456,1073.047254,2162.898381
1/10/2025,8,3xTg_3.621A(4),0,M,5-3xTg-18,200,25,1040,130,113.4,14742,342688,559,57,470,14,174,274,10,20,162,5,142,44,87,11,304,644,,985.8906526,100.5291005,828.9241623,24.69135802,306.8783069,483.2451499,17.6366843,35.27336861,285.7142857,8.818342152,250.4409171,77.60141093,153.4391534,19.40035273,536.1552028,1135.802469,,2167.548501,361.2580835,,,,,,1300.12815,132.5712067,1093.131003,32.56134902,404.6910521,637.2721166,23.25810644,46.51621289,376.7813244,11.62905322,330.2651115,102.3356684,202.3455261,25.58391709,707.0464359,1497.822055
1/10/2025,9,3xTg_3.621C(3),6,M,5-3xTg-18,200,25,1040,130,109.1384615,14188,398872,950,75,821,16,411,422,20,16,237,6,218,82,117,19,416,896,,1740.907809,137.4400902,1504.510854,29.32055258,753.1716944,773.3295743,36.65069072,29.32055258,434.3106851,10.99520722,399.4925289,150.267832,214.4065407,34.81815619,762.3343671,1641.950944,,3756.695799,626.1159665,,,,,,2295.795425,181.2470073,1984.050573,38.66602822,993.2335998,1019.816494,48.33253527,38.66602822,572.7405429,14.49976058,526.8246344,198.1633946,282.7453313,45.91590851,1005.316734,2165.29758
1/10/2025,10,3xTg_9.2A(3),12,M,5-3xTg-18,200,25,1040,130,114.5,14885,327288,764,91,615,32,340,248,18,19,106,2,91,12,69,10,317,698,,1334.497817,158.9519651,1074.235808,55.89519651,593.8864629,433.1877729,31.44104803,33.18777293,185.1528384,3.493449782,158.9519651,20.96069869,120.5240175,17.46724891,553.7117904,1219.213974,,2731.877729,455.3129549,,,,,,1759.848492,209.6154617,1416.631966,73.71093159,783.1786481,571.2597198,41.46239902,43.76586563,244.1674609,4.606933224,209.6154617,27.64159934,158.9391962,23.03466612,730.198916,1607.819695
1/10/2025,11,3xTg_9.2A(3),12,M,5-3xTg-18,200,25,1040,130,111.9846154,14558,4.53E+05,1425,135,1161,83,552,329,19,27,162,6,142,25,88,29,408,1045,,2544.992444,241.1045473,2073.499107,148.2346476,985.8497046,587.5807116,33.93323259,48.22090947,289.3254568,10.71575766,253.6062646,44.64899025,157.1644457,51.79282869,728.6715208,1866.327792,,4630.993268,771.8322114,,,,,,3356.169683,317.9529173,2734.395089,195.482164,1300.074151,774.8630355,44.7489291,63.59058346,381.5435008,14.13124077,334.4393649,58.88016987,207.258198,68.30099705,960.9243723,2461.191101
1/10/2025,12,3xTg_5.5A(2),18,M,5-3xTg-18,200,25,1040,130,113.4076923,14743,4.42E+05,1358,210,1057,33,550,564,32,25,305,9,268,30,210,25,510,1101,,2394.899274,370.3452486,1864.071085,58.19711049,969.9518416,994.6415248,56.43356169,44.08872007,537.8823849,15.87193923,472.6310792,52.90646408,370.3452486,44.08872007,899.4098894,1941.667232,,4902.665672,817.1109453,,,,,,3158.236621,488.3871064,2458.215102,76.74654529,1279.109088,1311.668229,74.4208924,58.14132219,709.3241307,20.93087599,623.2749739,69.76958663,488.3871064,58.14132219,1186.082973,2560.543829
1/10/2025,13,3xTg_5.5A(2),18,M,5-3xTg-18,200,25,1040,130,112.0538462,14567,359408,1519,90,1362,16,116,683,27,27,423,5,396,95,281,19,421,1233,,2711.19654,160.6370564,2430.97412,28.55769891,207.0433171,1219.056772,48.19111691,48.19111691,754.9941649,8.924280909,706.803048,169.5613373,501.5445871,33.91226745,751.4244525,2200.727672,,4521.040708,753.5067847,,,,,,3575.348781,211.83765,3205.809769,37.66002666,273.0351933,1607.612388,63.55129499,63.55129499,995.6369548,11.76875833,932.0856598,223.6064083,661.4042182,44.72128166,990.9294514,2902.175804
1/13/2025,1,18M_4B(3),0,F,4-WT-18,200,25,1040,130,113.7538462,14788,173744,527,58,433,14,172,436,5,22,194,3,175,87,81,7,81,857,,926.5620774,101.974574,761.2929402,24.61455234,302.4073573,766.5674872,8.79091155,38.68001082,341.0873681,5.27454693,307.6819042,152.961861,142.4127671,12.30727617,142.4127671,1506.76224,,1759.940492,293.3234154,,,,,,1324.374602,145.7565975,1088.148392,35.18262699,432.2437031,1095.687526,12.56522393,55.28698528,487.5306884,7.539134356,439.7828374,218.6348963,203.5566276,17.5913135,203.5566276,2153.679381
1/13/2025,2,18M_4B(3),0,F,4-WT-18,200,25,1040,130,106.5846154,13856,219752,870,51,758,24,89,420,5,2,144,3,135,84,46,5,92,1158,,1632.505774,95.69861432,1422.344111,45.03464203,167.0034642,788.1062356,9.38221709,3.752886836,270.2078522,5.629330254,253.3198614,157.6212471,86.31639723,9.38221709,172.6327945,2172.921478,,2255.484988,375.9141647,,,,,,2333.409965,136.7861014,2033.016958,64.36993006,238.7051573,1126.473776,13.41040209,5.364160838,386.2195803,8.046241257,362.0808566,225.2947552,123.3756993,13.41040209,246.7513985,3105.849125
1/13/2025,3,WT_18.3B(3),0,F,1-WT-6,200,25,1040,130,116.3153846,15121,284304,836,52,724,36,95,264,15,18,94,2,86,15,64,7,136,746,,1437.471067,89.41207592,1244.891211,61.90066795,163.3489849,453.9382316,25.79194498,30.95033397,161.6295219,3.438925997,147.8738179,25.79194498,110.0456319,12.03624099,233.8469678,1282.719397,,2053.03882,342.1731367,,,,,,2054.638559,127.8004845,1779.375977,88.47725853,233.4816545,648.8332292,36.86552439,44.23862927,231.0239528,4.915403252,211.3623398,36.86552439,157.2929041,17.20391138,334.2474211,1833.445413
1/13/2025,4,WT_18.3B(3),0,F,1-WT-6,200,25,1040,130,103.4230769,13445,218352,811,94,645,34,420,326,36,20,69,1,57,15,29,13,198,1173,,1568.315359,181.7776125,1247.30383,65.7493492,812.1978431,630.4202306,69.61695798,38.67608776,133.4325028,1.933804388,110.2268501,29.00706582,56.08032726,25.13945705,382.8932689,2268.352547,,3005.132019,500.8553366,,,,,,2241.659873,259.8224761,1782.824437,93.97834241,1160.908936,901.0864596,99.5064802,55.28137789,190.7207537,2.764068894,157.551927,41.46103342,80.15799794,35.93289563,547.2856411,3242.252813
1/13/2025,5,WT_20.2B(3),12,F,1-WT-6,200,25,1040,130,109.4692308,14231,318496,1531,95,1318,53,167,1014,38,45,249,9,223,67,116,39,195,1373,,2797.133019,173.564753,2407.982573,96.8308622,305.1085658,1852.575364,69.4259012,82.214883,454.9223526,16.4429766,407.4204202,122.4088258,211.9316984,71.2528986,356.264493,2508.46743,,4065.069215,677.5115358,,,,,,3998.061241,248.0834866,3441.83195,138.4044714,436.1046553,2647.964793,99.23339462,117.5132305,650.2398753,23.50264609,582.3433421,174.9641431,302.9229941,101.8447997,509.2239987,3585.459232
1/13/2025,6,WT_20.2B(3),12,F,1-WT-6,200,25,1040,130,108.7692308,14140,296520,1338,132,1091,50,465,795,34,32,200,13,167,67,75,25,370,1689,,2460.254597,242.7157001,2006.082037,91.93776521,855.0212164,1461.810467,62.51768034,58.84016973,367.7510608,23.90381895,307.0721358,123.1966054,137.9066478,45.9688826,680.3394625,3105.657709,,4484.724187,747.4540311,,,,,,3516.546578,346.9238776,2867.378413,131.4105597,1222.118205,2089.427899,89.3591806,84.10275821,525.6422388,34.16674552,438.9112694,176.09015,197.1158396,65.70527985,972.4381418,4439.048707
1/13/2025,7,WT_20.2D(2),12,F,1-WT-6,200,25,1040,130,97.98461538,12738,326224,1289,42,1138,68,162,593,23,30,145,7,128,43,67,18,51,1990,,2631.025279,85.72774376,2322.813629,138.7972994,330.6641545,1210.394096,46.94614539,61.23410268,295.9648296,14.28795729,261.2655048,87.76888051,136.7561627,36.74046161,104.0979746,4061.862145,,3469.932485,578.3220809,,,,,,3760.636379,122.5343118,3320.096354,198.3888858,472.6323456,1730.067784,67.10212314,87.52450844,423.0351241,20.4223853,373.4379027,125.4517954,195.4714022,52.51470507,148.7916644,5805.792393
1/13/2025,8,WT_20.2D(2),12,F,1-WT-6,200,25,1040,130,89.1,11583,296816,1350,47,1105,115,326,931,36,38,170,10,140,44,67,28,326,3322,,3030.30303,105.4994388,2480.359147,258.1369248,731.7620651,2089.786756,80.80808081,85.29741863,381.5937149,22.44668911,314.2536476,98.7654321,150.3928171,62.85072952,731.7620651,7456.790123,,5041.526375,840.2543958,,,,,,4331.341059,150.7948369,3545.282867,368.9660902,1045.938656,2987.02113,115.5024282,121.9192298,545.4281333,32.08400784,449.1761098,141.1696345,214.9628526,89.83522196,1045.938656,10658.30741
1/13/2025,9,6M_8B,18,F,1-WT-6,200,25,1040,130,99.11538462,12885,325056,678,24,617,14,36,275,23,21,47,5,36,15,13,8,52,1996,,1368.102445,48.42840512,1245.013582,28.24990299,72.64260768,554.9088087,46.41055491,42.37485448,94.83896003,10.08925107,72.64260768,30.2677532,26.23205277,16.14280171,104.9282111,4027.629026,,1729.297633,288.2162722,,,,,,1955.487036,69.22078004,1779.550887,40.37878836,103.8311701,793.1547713,66.33658087,60.56818254,135.5573609,14.42099584,103.8311701,43.26298753,37.49458919,23.07359335,149.9783568,5756.86154
1/13/2025,10,6M_8B,18,F,1-WT-6,200,25,1040,130,106.1923077,13805,324168,1867,74,1701,33,190,817,58,43,237,7,207,63,87,56,169,1632,,3516.262224,139.3697936,3203.621876,62.15139442,357.8413618,1538.717856,109.2357841,80.98515031,446.3600145,13.18362912,389.8587468,118.6526621,163.8536762,105.469033,318.2904745,3073.668961,,4828.975009,804.8291682,,,,,,5025.943211,199.207176,4579.07306,88.83563255,511.4778844,2199.354903,156.1353542,115.7555212,638.0013611,18.84392206,557.2416951,169.5952985,234.2030313,150.7513765,454.9461182,4393.325828
1/13/2025,11,3xTg_7.2B(3),0,F,5-3xTg-18,200,25,1040,130,105.0153846,13652,240104,1544,79,1376,40,105,705,17,18,190,1,176,71,89,15,142,1425,,2940.521535,150.4541459,2620.568415,76.17931439,199.9707003,1342.660416,32.37620861,34.28069147,361.8517433,1.90448286,335.1889833,135.218283,169.4989745,28.56724289,270.4365661,2713.888075,,3839.437445,639.9062408,,,,,,4203.012548,215.0505125,3745.689939,108.8863354,285.8266305,1919.121662,46.27669256,48.99885095,517.2100933,2.722158386,479.0998759,193.2732454,242.2720964,40.83237579,386.5464908,3879.0757
1/13/2025,12,3xTg_7.2B(3),0,F,5-3xTg-18,200,25,1040,130,85.36153846,11097,338576,1920,95,1708,60,314,1106,38,37,333,3,301,96,161,44,244,3452,,4498.513112,222.58268,4001.802289,140.5785347,735.6943318,2591.33099,89.033072,86.69009642,780.2108678,7.028926737,705.2356493,224.9256556,377.2190682,103.0909255,571.6860413,8087.951699,,6761.827521,1126.971253,,,,,,6429.9162,318.1468953,5719.946286,200.9348812,1051.559212,3703.899644,127.2587581,123.9098434,1115.188591,10.04674406,1008.023321,321.49581,539.1752647,147.3522462,817.1351837,11560.4535
1/14/2025,1,18M_1A(3),0,M,4-WT-18,200,25,1040,130,119.9769231,15597,6.25E+05,1473,135,1186,56,375,509,11,47,250,6,217,51,133,32,662,1357,,2455.472206,225.0432776,1977.046868,93.3512855,625.1202154,848.4965057,18.33685965,78.34840033,416.7468103,10.00192345,361.7362313,85.0163493,221.7093031,53.34359172,1103.545554,2262.101686,,4697.570046,782.9283409,,,,,,3496.538982,320.4567295,2815.271713,132.9301989,890.157582,1208.240558,26.11128907,111.5664169,593.438388,14.24252131,515.1045208,121.0614312,315.7092224,75.96011367,1571.424852,3221.18357
1/14/2025,2,18M_1A(3),0,M,4-WT-18,200,25,1040,130,117.2923077,15248,311320,270,37,220,6,66,90,6,11,50,1,47,12,32,3,56,238,,460.3882476,63.09024134,375.1311647,10.23084995,112.5393494,153.4627492,10.23084995,18.75655824,85.2570829,1.705141658,80.14165792,20.4616999,54.56453305,5.115424974,95.48793284,405.8237146,,782.660021,130.4433368,,,,,,655.582845,89.83913062,534.1786145,14.56850767,160.2535843,218.527615,14.56850767,26.70893072,121.4042306,2.428084611,114.1199767,29.13701534,77.69870756,7.284253834,135.9727382,577.8841375
1/14/2025,3,WT_10.2C(3),12,M,4-WT-18,200,25,1040,130,120.3923077,15651,4.22E+05,1315,156,1052,51,509,989,46,62,322,8,270,48,189,33,563,1195,,2184.52495,259.1527698,1747.61996,84.72302089,845.5689732,1642.962111,76.41684237,102.9966136,534.9178966,13.28988563,448.53364,79.73931378,313.973548,54.82077823,935.2757012,1985.176666,,4679.700978,779.9501629,,,,,,3110.715987,369.0279041,2488.572789,120.6437379,1204.071815,2339.54229,108.8159205,146.6649363,761.7114432,18.9245079,638.7021418,113.5470474,447.0914993,78.06359511,1331.812244,2826.848368
1/14/2025,4,WT_10.2C(3),12,M,4-WT-18,200,25,1040,130,121.6307692,15812,368320,739,41,640,17,50,426,29,32,177,7,157,30,109,18,180,531,,1215.153048,67.41715153,1052.365292,27.95345307,82.21603845,700.4806476,47.6853023,52.61826461,291.0447761,11.51024538,258.1583607,49.32962307,179.2309638,29.59777384,295.9777384,873.1343284,,1984.695168,330.782528,,,,,,1730.351495,96.00055656,1498.545273,39.80510882,117.0738495,997.4691974,67.90283269,74.92726365,414.4414271,16.39033892,367.6118873,70.24430967,255.2209918,42.1465858,421.465858,1243.324281
1/14/2025,5,WT_18.3A(3),0,M,1-WT-6,200,25,1040,130,121.3769231,15779,4.35E+05,1218,109,1022,39,190,390,33,28,128,2,106,15,74,17,362,827,,2006.971291,179.6058052,1684.010394,64.26262754,313.0743393,642.6262754,54.37606946,46.13727106,210.9132391,3.295519361,174.6625261,24.71639521,121.9342164,28.01191457,596.4890044,1362.697256,,3227.961214,537.9935357,,,,,,2857.88344,255.7547578,2397.994151,91.50858305,445.8110456,915.0858305,77.4303395,65.69846988,300.3358623,4.692747849,248.715636,35.19560887,173.6316704,39.88835671,849.3873606,1940.451235
1/14/2025,6,WT_18.3A(3),0,M,1-WT-6,200,25,1040,130,119.8923077,15586,396712,980,129,770,42,340,452,35,37,191,4,164,20,132,11,337,791,,1634.800462,215.193122,1284.486077,70.06287694,567.1756705,754.010009,58.38573078,61.72205826,318.6192737,6.672654947,273.5788528,33.36327473,220.1976132,18.3498011,562.1711793,1319.517516,,3202.874374,533.8123957,,,,,,2327.920279,306.4303224,1829.080219,99.76801196,807.6458111,1073.693843,83.14000997,87.89086768,453.7069115,9.501715425,389.5703324,47.50857712,313.556609,26.12971742,800.5195245,1878.964225
1/14/2025,7,WT_21.2A(4),12,M,1-WT-6,200,25,1040,130,121.6923077,15820,394968,1032,60,896,32,93,659,49,72,338,9,311,40,259,12,318,811,,1696.08091,98.60935525,1472.566372,52.59165613,152.8445006,1083.059418,80.53097345,118.3312263,555.4993679,14.79140329,511.125158,65.73957016,425.6637168,19.72187105,522.6295828,1332.869785,,3125.916561,520.9860936,,,,,,2415.182304,140.4175758,2096.902465,74.88937376,217.6472425,1542.253041,114.6743536,168.501091,791.0190103,21.06263637,727.8311012,93.6117172,606.1358689,28.08351516,744.2131517,1897.977566
1/14/2025,8,WT_21.2A(4),12,M,1-WT-6,200,25,1040,130,114.3538462,14866,351976,642,39,552,32,85,254,27,23,80,1,67,12,47,8,147,402,,1122.83062,68.20933674,965.4244585,55.96663528,148.6613749,444.2351675,47.22184851,40.2260191,139.9165882,1.748957352,117.1801426,20.98748823,82.20099556,13.99165882,257.0967308,703.0808556,,1755.953182,292.6588636,,,,,,1598.886367,97.12861106,1374.743418,79.69527061,211.6905626,632.5812105,67.24288458,57.28097575,199.2381765,2.490477207,166.8619728,29.88572648,117.0524287,19.92381765,366.1001494,1001.171837
1/14/2025,9,WT_22.3A(3),18,M,1-WT-6,200,25,1040,130,121.9769231,15857,311896,709,75,582,19,423,302,33,32,88,8,64,11,41,10,304,632,,1162.514978,122.9740808,954.2788674,31.15343381,693.573816,495.1756322,54.10859557,52.46894116,144.2895882,13.11723529,104.9378823,18.03619852,67.22583086,16.39654411,498.454941,1036.261588,,2605.41086,434.2351433,,,,,,1655.396028,175.1124148,1358.872339,44.36181175,987.6340195,705.1193236,77.04946251,74.71463031,205.4652334,18.67865758,149.4292606,25.68315417,95.72812009,23.34832197,709.788988,1475.613949
1/14/2025,10,WT_22.3A(3),18,M,1-WT-6,200,25,1040,130,117.9615385,15335,4.63E+05,1155,115,924,68,253,481,45,64,246,5,208,20,163,25,583,1057,,1958.265406,194.9788067,1566.612325,115.2918161,428.9533746,815.5200522,76.29605478,108.5099446,417.0850994,8.47733942,352.6573199,33.90935768,276.3612651,42.3866971,988.4577763,1792.109553,,3977.567656,662.9279426,,,,,,2788.52732,277.6455773,2230.821856,164.173037,610.82027,1161.282806,108.6439215,154.5157995,593.9201044,12.07154684,502.1763485,48.28618735,393.5324269,60.35773419,1407.542361,2551.925002
1/14/2025,11,WT_18.3C(2),0,M,1-WT-6,200,25,1040,130,117.3846154,15260,5.38E+05,1372,110,1170,43,436,463,37,39,175,12,144,22,107,15,454,1012,,2337.614679,187.4180865,1993.44692,73.26343381,742.8571429,788.8597641,63.0406291,66.44823067,298.1651376,20.44560944,245.3473132,37.4836173,182.3066841,25.5570118,773.525557,1724.246396,,4281.651376,713.6085627,,,,,,3328.712428,266.8792763,2838.62503,104.3255353,1057.812404,1123.319136,89.76848386,94.62083433,424.5806669,29.11410287,349.3692345,53.37585527,259.6007506,36.39262859,1101.483559,2455.289342
1/14/2025,12,WT_18.3C(2),0,M,1-WT-6,200,25,1040,130,114.7461538,14917,357328,1139,47,1047,23,132,341,24,27,172,3,150,24,121,5,245,766,,1985.251726,81.9199571,1824.897768,40.08848964,230.073071,594.3554334,41.83146745,47.06040088,299.7921834,5.228933432,261.4466716,41.83146745,210.9003151,8.714889053,427.0295636,1335.121003,,3031.038413,505.1730688,,,,,,2826.955252,116.6522361,2598.614705,57.08513679,327.6190459,846.349202,59.56709926,67.01298667,426.8975447,7.445887407,372.2943704,59.56709926,300.3174588,12.40981235,608.0808049,1901.183251
1/16/2025,1,9M_2B,0,F,2-WT-9,200,25,1040,130,113.2923077,14728,285896,945,72,831,20,200,237,5,28,144,4,121,46,57,18,127,769,,1668.250951,127.1048343,1467.00163,35.30689842,353.0689842,418.3867463,8.826724606,49.42965779,254.2096687,7.061379685,213.6067355,81.20586638,100.6246605,31.77620858,224.198805,1357.550244,,2557.984791,426.3307985,,,,,,2404.006592,183.162407,2113.999448,50.87844639,508.7844639,602.9095898,12.7196116,71.22982495,366.324814,10.17568928,307.8146007,117.0204267,145.0035722,45.79060175,323.0781346,1956.276264
1/16/2025,2,9M_2B,0,F,2-WT-9,200,25,1040,130,113.2769231,14726,353760,1050,55,932,30,122,462,30,44,269,7,236,60,161,15,329,1080,,1853.863914,97.10715741,1645.524922,52.9675404,215.401331,815.7001222,52.9675404,77.68572593,474.942279,12.35909276,416.6779845,105.9350808,284.2591335,26.4837702,580.8773598,1906.831455,,3255.73815,542.623025,,,,,,2671.481211,139.9347301,2371.257609,76.32803461,310.4006741,1175.451733,76.32803461,111.9477841,684.4080437,17.80987474,600.4472056,152.6560692,409.6271191,38.16401731,837.0641129,2747.809246
1/16/2025,3,WT_14.2B(3),12,F,2-WT-9,200,25,1040,130,115.2153846,14978,398288,4105,88,2425,907,166,536,17,39,284,3,259,106,126,26,233,2009,,7125.784484,152.7573775,4209.507277,1574.442516,288.1559621,930.4312992,29.50994792,67.6992923,492.9897183,5.207637869,449.592736,184.0032047,218.7207905,45.13286153,404.4598745,3487.381493,,8408.599279,1401.433213,,,,,,10268.49879,220.1285978,6066.043745,2268.825434,415.2425821,1340.783277,42.52484275,97.55699219,710.41502,7.504384015,647.8784866,265.1549018,315.1841286,65.03799479,582.8404918,5025.435828
1/16/2025,4,WT_14.2B(3),12,F,2-WT-9,200,25,1040,130,111.4384615,14487,4.05E+05,1528,87,1311,76,156,590,18,33,365,5,331,192,124,15,242,1139,,2742.320701,156.1399876,2352.868089,136.3981501,279.9751501,1058.880376,32.30482502,59.22551253,655.0700628,8.973562504,594.0498378,344.5848002,222.5443501,26.92068751,434.3204252,2044.177538,,4203.216677,700.5361128,,,,,,3951.777783,225.0030544,3390.563268,196.5543924,403.4537527,1525.882783,46.55235609,85.34598616,943.9783317,12.93121002,856.0461036,496.5584649,320.6940086,38.79363007,625.8705652,2945.729643
1/16/2025,5,3xTg_13.1B(3),18,F,3-3xTg-9,200,25,1040,130,116.4615385,15140,393464,1335,81,1200,28,132,389,10,45,267,4,238,48,157,33,158,997,,2292.602378,139.1017173,2060.766182,48.08454425,226.6842801,668.0317041,17.17305152,77.27873184,458.5204756,6.869220608,408.7186262,82.43064729,269.6169089,56.67107001,271.334214,1712.153236,,3343.593131,557.2655218,,,,,,3303.718321,200.4503251,2969.634446,69.2914704,326.659789,962.6564995,24.74695371,111.3612917,660.7436642,9.898781486,588.9774984,118.7853778,388.5271733,81.66494726,391.0018687,2467.271285
1/16/2025,6,3xTg_13.1B(3),18,F,3-3xTg-9,200,25,1040,130,113.2384615,14721,4.09E+05,1274,39,1109,80,101,366,12,48,176,5,146,41,83,22,179,986,,2250.118878,68.88119014,1958.698458,141.294749,178.3846206,646.4234767,21.19421235,84.7768494,310.8484478,8.830921812,257.8629169,72.41355886,146.5933021,38.85605597,316.1470009,1741.457781,,3161.470009,526.9116681,,,,,,3242.498146,99.26014734,2822.551369,203.6105586,257.0583303,931.5183058,30.5415838,122.1663352,447.943229,12.72565992,371.5892695,104.3504113,211.2459546,55.99290363,455.578625,2509.500135
1/16/2025,7,3xTg_9.3B(3),0,F,3-3xTg-9,200,25,1040,130,111.9,14547,7.77E+05,1682,205,1271,101,386,560,11,55,431,6,396,76,295,25,641,1950,,3006.255585,366.3985702,2271.671135,180.5183199,689.9016979,1000.893655,19.66041108,98.30205541,770.3306524,10.72386059,707.7747989,135.8355675,527.256479,44.68275246,1145.665773,3485.254692,,5730.116175,955.0193625,,,,,,4332.116965,527.9928524,3273.555685,260.1330639,994.1719075,1442.321938,28.33132379,141.6566189,1110.072778,15.45344934,1019.927656,195.7436916,759.7945925,64.38937225,1650.943504,5022.371035
1/16/2025,8,3xTg_9.3B(3),0,F,3-3xTg-9,200,25,1040,130,111.6153846,14510,4.05E+05,1134,74,992,28,252,361,10,39,270,5,244,45,166,32,257,1094,,2031.977946,132.5982081,1777.532736,50.17229497,451.5506547,646.8642316,17.91867677,69.88283942,483.8042729,8.959338387,437.2157133,80.63404549,297.4500345,57.33976568,460.5099931,1960.303239,,3515.644383,585.9407305,,,,,,2928.149614,191.0785463,2561.485377,72.29999048,650.6999143,932.1534487,25.82142517,100.7035582,697.1784796,12.91071259,630.0427742,116.1964133,428.6356578,82.62856055,663.6106269,2824.863914
1/16/2025,9,3xTg_9.2B(3),12,F,3-3xTg-9,200,25,1040,130,116.1615385,15101,4.41E+05,2355,129,2086,73,275,769,21,78,396,8,338,85,201,50,307,1933,,4054.698364,222.1044964,3591.550228,125.6870406,473.4785776,1324.018277,36.15654592,134.295742,681.8091517,13.77392226,581.9482153,146.347924,346.0697967,86.08701411,528.5742666,3328.123965,,5909.012648,984.8354414,,,,,,5842.958815,320.0601644,5175.546534,181.1193178,682.2988,1907.955553,52.10281746,193.5247505,982.510272,19.84869236,838.6072524,210.8923564,498.6983956,124.0543273,761.6935695,4795.940292
1/16/2025,10,3xTg_9.2B(3),12,F,3-3xTg-9,200,25,1040,130,114.6,14898,4.35E+05,1958,75,1785,49,161,581,21,70,367,4,307,56,207,44,143,1449,,3417.102967,130.8900524,3115.183246,85.51483421,280.9773124,1013.961606,36.64921466,122.1640489,640.4886562,6.980802792,535.7766143,97.73123909,361.2565445,76.78883072,249.5636998,2528.795812,,4746.945899,791.1576498,,,,,,4924.162072,188.6170355,4489.085444,123.2297965,404.8979028,1461.153301,52.81276993,176.0425664,922.9660268,10.05957522,772.0723985,140.8340531,520.5830179,110.6553275,359.6298143,3644.081125
1/16/2025,11,3xTg_9.3B(2),0,F,3-3xTg-9,200,25,1040,130,117.8153846,15316,296656,1581,65,1444,29,155,451,21,51,263,9,209,43,134,32,142,1345,,2683.860016,110.3421259,2451.292766,49.22956385,263.1235309,765.6045965,35.64899452,86.57612954,446.461217,15.27814051,354.792374,72.9955602,227.4745364,54.32227736,241.0551058,2283.23322,,3756.724993,626.1208322,,,,,,3867.533939,159.0067717,3532.396589,70.94148275,379.169994,1103.26237,51.37141854,124.7591593,643.3658608,22.01632223,511.2679274,105.1890951,327.7985755,78.28025683,347.3686397,3290.217045
,,,,,,,,,,,,,,,,,,,,,,,,,,,,,,,,,,,,,,,,,,,,,,,,,,,,,,,,,,,,,,,,,,,,,
