Date,Mouse #,Cage #,ZT,Sex,Group,Plated Volume (uL),Plated Beads Volume (uL),Bead Stock Conc (beads/uL),Well Bead Conc (beads/uL),Conversion Factor (Divide Cell Events by this to get conc per well),Counting Beads | Count,Total Event Count,Microglia Events,CD206+ Microglia Events,Monocytes_DC Events,Neutrophil Events,TB Focus Viability %,Total Lymphocyte Events (in TB Focus),T-Cell Events,TCRgd T Cell Events,TCRb+ T Cell Events,CD8+ T Cell Events,CD4+ T Cell Events,CD-- T Cell Events,B Cell Events,Total Lymphocytes (Test Screen),,Microglia Counts,CD206+ Microglia Counts,% CD206+ Microglia,Monocytes_DC Counts,Neutrophil Counts,TB Focus Viability %,Total Lymphocyte Counts (in TB Focus),T-Cell Counts,TCRgd T Cell Counts,TCRb+ T Cell Counts,CD8+ T Cell Counts,CD4+ T Cell Counts,CD-- T Cell Counts,B Cell Counts,Total Lymphocytes (Test Screen)
9/6/2024,1,3xTg_7.4B,6,F,3-3xTg-9,140,15,980,105,173.5428571,18222,246480,6321,4747,765,228,31.6,5856,311,1,292,210,67,14,161,4542,,5099.259137,3829.486335,75.09887676,617.1386236,183.9315114,31.6,4724.13566,250.8890352,0.806717155,235.5614093,169.4106026,54.05004939,11.29404017,129.881462,3664.109318
9/6/2024,3,3xTg_7.3B,18,F,3-3xTg-9,140,15,980,105,170.6285714,17916,206872,6373,4320,839,370,20.7,5836,166,4,154,82,60,11,70,4583,,5229.018754,3544.541192,67.78597207,688.3958473,303.5833891,20.7,4788.412592,136.2022773,3.281982585,126.3563295,67.280643,49.22973878,9.02545211,57.43469524,3760.331547
9/6/2024,4,Aged_37B,18,F,4-WT-18,140,15,980,105,161.7142857,16980,231992,5015,3544,712,331,12.9,4781,366,1,356,267,78,9,284,4029,,4341.607774,3068.127208,70.66799601,616.3957597,286.5547703,12.9,4139.028269,316.8551237,0.865724382,308.1978799,231.1484099,67.52650177,7.791519435,245.8657244,3488.003534
9/6/2024,5,6M_2B,6,F,1-WT-6,140,15,980,105,162.7142857,17085,213600,7879,5786,1074,845,41.1,8014,345,4,319,207,94,17,502,6857,,6779.122037,4978.296752,73.43571519,924.0737489,727.0412643,41.1,6895.276558,296.8393327,3.441615452,274.4688323,178.1035996,80.87796313,14.62686567,431.9227392,5899.789289
9/6/2024,6,6M_1B,18,F,1-WT-6,140,15,980,105,158.1047619,16601,171656,6031,4441,328,69,36.8,4823,165,4,143,82,44,16,107,3631,,5340.383109,3932.455876,73.6362129,290.4403349,61.09872899,36.8,4270.712608,146.1056563,3.541955304,126.6249021,72.61008373,38.96150834,14.16782122,94.74730438,3215.209927
9/6/2024,7,Aged_36B,6,F,4-WT-18,140,15,980,105,158.4571429,16638,4.68E+05,10858,7681,4775,11481,55.1,17676,506,5,413,258,132,23,1192,21531,,9593.256401,6786.314461,70.74046786,4218.806347,10143.68915,55.1,15617.0934,447.0609448,4.417598269,364.893617,227.9480707,116.6245943,20.32095204,1053.155427,19023.06167
9/6/2024,8,Aged_36B,6,F,4-WT-18,140,15,980,105,155.7714286,16356,335688,11143,7634,976,197,31.4,9236,369,5,345,191,140,10,187,7368,,10014.80191,6861.078503,68.50937808,877.1826853,177.054292,31.4,8300.880411,331.6397652,4.493763756,310.0696992,171.6617755,125.8253852,8.987527513,168.0667645,6622.010271
9/6/2024,9,Aged_36B,6,F,4-WT-18,140,15,980,105,155.3809524,16315,5.12E+05,11095,8512,941,326,80.5,9140,386,4,367,245,101,20,190,7008,,9996.720809,7669.40852,76.7192429,847.8516702,293.7296966,80.5,8235.243641,347.790377,3.604045357,330.6711615,220.7477781,91.00214527,18.02022679,171.1921545,6314.287466
9/6/2024,10,Aged_36B,6,F,4-WT-18,140,15,980,105,168.7142857,17715,1.00E+06,10832,9082,3637,493,47.7,11428,1827,3,1806,586,1156,44,273,8428,,8988.450466,7536.291279,83.84416544,3018.001693,409.0939881,47.7,9483.014395,1516.054191,2.489415749,1498.628281,486.2658764,959.2548688,36.51143099,226.5368332,6993.598645
9/13/2024,1,6M_1B,18,F,1-WT-6,200,25,980,122.5,123.1673469,15088,158496,4595,3633,191,74,47.4,4033,149,3,138,82,45,11,55,2947,,7461.39316,5899.290827,79.06420022,310.1471368,120.1617179,47.4,6548.813627,241.9472428,4.871420997,224.0853659,133.1521739,73.07131495,17.86187699,89.30938494,4785.359226
9/13/2024,2,6M_1B,18,F,1-WT-6,200,25,980,122.5,119.3714286,14623,224496,3085,2396,129,51,78.4,2963,143,1,141,99,32,10,56,2232,,5168.741024,4014.360938,77.66612642,216.1321206,85.44758258,78.4,4964.337003,239.5883198,1.675442796,236.2374342,165.8688368,53.61416946,16.75442796,93.82479655,3739.58832
9/13/2024,3,6M_2B,6,F,1-WT-6,200,25,980,122.5,121.8857143,14931,166128,8848,6902,528,106,49.5,8100,144,5,131,40,62,29,83,5944,,14518.51852,11325.36334,78.00632911,866.3853727,173.9334271,49.5,13291.13924,236.2869198,8.204406939,214.9554618,65.63525551,101.734646,47.58556024,136.1931552,9753.398969
9/13/2024,4,6M_2B,6,F,1-WT-6,200,25,980,122.5,118.9306122,14569,182264,7209,5683,474,203,54.7,7051,151,4,139,69,60,9,121,5492,,12123.03521,9556.833002,78.83201554,797.1034388,341.3755234,54.7,11857.33407,253.9295765,6.726611298,233.7497426,116.0340449,100.8991695,15.13487542,203.4799918,9235.637312
9/13/2024,5,3xTg_7.3B,18,F,3-3xTg-9,200,25,980,122.5,121.3795918,14869,109704,2991,2382,171,52,26.1,2780,140,2,129,88,36,4,50,2008,,4928.340843,3924.877261,79.63891675,281.7607102,85.68161948,26.1,4580.671195,230.6812832,3.295446903,212.5563252,144.9996637,59.31804425,6.590893806,82.38617257,3308.628691
9/13/2024,6,3xTg_7.3B,18,F,3-3xTg-9,200,25,980,122.5,120.4653061,14757,116552,3879,3038,170,120,24.1,3816,105,0,97,57,35,5,76,2982,,6440.028461,5043.775835,78.31915442,282.2389375,199.2274853,24.1,6335.434031,174.3240496,0,161.0422173,94.6330555,58.10801653,8.301145219,126.1774073,4950.803009
9/13/2024,7,Aged_37B,18,F,4-WT-18,200,25,980,122.5,118.6040816,14529,181896,2808,2015,1203,1329,73.9,4406,374,0,346,206,109,30,258,3954,,4735.081561,3397.859454,71.75925926,2028.597976,2241.069585,73.9,7429.761167,630.6696951,0,583.4537821,347.3742171,183.8048042,50.58847822,435.0609127,6667.561429
9/13/2024,8,Aged_37B,18,F,4-WT-18,200,25,980,122.5,122.922449,15058,239592,7786,5746,579,317,56.8,6925,332,3,315,205,89,21,184,5314,,12668.14982,9348.983929,73.79912664,942.0573781,515.7723469,56.8,11267.26657,540.1779785,4.881126312,512.5182627,333.5436313,144.8067472,34.16788418,299.3757471,8646.10174
9/13/2024,9,Aged_36A,18,M,4-WT-18,200,25,980,122.5,133.8367347,16395,174816,3079,2230,1092,2740,73.6,5443,535,5,509,277,183,48,709,5991,,4601.128393,3332.41842,72.42611237,1631.838975,4094.541019,73.6,8133.79079,799.4815493,7.47179018,760.6282403,413.937176,273.4675206,71.72918573,1059.499848,8952.698994
9/13/2024,10,Aged_36A,18,M,4-WT-18,200,25,980,122.5,121.1510204,14841,236920,5117,3713,683,575,50.4,5596,373,1,365,249,96,17,637,4609,,8447.308133,6129.539788,72.56204808,1127.518361,949.2284886,50.4,9238.056735,615.7603935,1.650832154,602.5537363,411.0572064,158.4798868,28.06414662,1051.580082,7608.685399
9/18/2024,1,6M_1A,18,M,1-WT-6,200,25,980,122.5,138.7265306,16994,127232,4032,3126,341,188,25.8,3928,219,3,188,115,53,20,142,3082,,5812.875132,4506.70825,77.5297619,491.6146875,271.0368365,25.8,5662.939861,315.7290809,4.325055902,271.0368365,165.7938096,76.40932094,28.83370601,204.7193127,4443.274097
9/18/2024,2,6M_1A,18,M,1-WT-6,200,25,980,122.5,138.4408163,16959,150040,5106,3982,495,255,25.6,5013,165,6,135,73,52,10,318,3942,,7376.43729,5752.638717,77.98668233,715.1070228,368.3884663,25.6,7242.083849,238.3690076,8.667963913,195.029188,105.4602276,75.12235391,14.44660652,459.4020874,5694.852291
9/18/2024,3,3xTg_7.3B,18,F,3-3xTg-9,200,25,980,122.5,142.3591837,17439,192048,4799,3618,570,143,15.2,4856,496,5,459,244,170,45,185,3650,,6742.101038,5082.917598,75.3907064,800.7913298,200.900281,15.2,6822.180171,696.8289466,7.024485349,644.847755,342.794885,238.8325019,63.22036814,259.9059579,5127.874305
9/18/2024,5,Aged_38A,18,M,4-WT-18,200,25,980,122.5,138.4,16954,309784,4826,3610,1411,541,35.4,6401,508,8,464,299,147,18,797,5296,,6973.988439,5216.763006,74.80314961,2039.017341,781.7919075,35.4,9250,734.1040462,11.56069364,670.5202312,432.0809249,212.4277457,26.01156069,1151.734104,7653.179191
9/18/2024,6,Aged_37A,6,M,4-WT-18,200,25,980,122.5,138.8979592,17015,200352,3884,2881,896,367,15.7,5433,597,7,572,328,214,20,710,4461,,5592.594769,4148.369086,74.17610711,1290.155745,528.4454893,15.7,7823.00911,859.6238613,10.07934176,823.6262122,472.2891566,308.1398766,28.79811931,1022.333235,6423.420511
9/18/2024,7,Aged_37A,6,M,4-WT-18,200,25,980,122.5,140.6122449,17225,5.51E+05,5147,3706,1760,1656,58.9,7834,853,9,801,510,221,70,940,7113,,7320.8418,5271.233672,72.00310861,2503.338171,2355.413643,58.9,11142.69956,1213.265602,12.8011611,1139.303338,725.3991292,314.3396226,99.56458636,1337.01016,10117.18433
9/18/2024,8,3xTg_7.4A,18,M,3-3xTg-9,200,25,980,122.5,1.208163265,148,1216,37,34,1,1,19.4,27,1,0,1,0,1,0,1,21,,6125,5628.378378,91.89189189,165.5405405,165.5405405,19.4,4469.594595,165.5405405,0,165.5405405,0,165.5405405,0,165.5405405,3476.351351
9/18/2024,9,3xTg_7.4A,18,M,3-3xTg-9,200,25,980,122.5,135.1346939,16554,213488,3537,2636,643,325,65.6,4100,518,11,479,314,141,22,298,3323,,5234.777093,3901.292739,74.52643483,951.6431074,481.0015706,65.6,6068.019814,766.6425033,16.28005316,708.9223148,464.7215175,208.6806814,32.56010632,441.0414401,4918.056059
11/13/2024,1,6M_3B,6,F,1-WT-6,200,25,980,122.5,136.1877551,16683,274336,10678,8375,448,170,14.8,9664,190,4,177,70,85,19,305,7874,,15681.29233,12299.19679,78.43229069,657.9152431,249.6553378,14.8,14192.17167,279.026554,5.874243242,259.9352634,102.7992567,124.8276689,27.9026554,447.9110472,11563.44782
11/13/2024,2,6M_3B,6,F,1-WT-6,200,25,980,122.5,132.7428571,16261,243040,9417,7368,331,147,27.8,8501,172,7,163,64,85,13,218,6876,,14188.33405,11101.16229,78.24147818,498.7085665,221.4808437,27.8,12808.22213,259.1476539,10.54670684,245.5876022,96.42703401,128.0671545,19.58674128,328.4545846,10359.87947
11/13/2024,3,9M_1B,18,F,2-WT-9,200,25,980,122.5,131.3142857,16086,316184,5495,4310,264,139,40.9,4753,188,3,181,102,69,9,226,3872,,8369.234117,6564.403829,78.43494086,402.0887728,211.7058312,40.9,7239.120975,286.3359443,4.569190601,275.6744996,155.3524804,105.0913838,13.7075718,344.2123586,5897.302002
11/13/2024,4,9M_1B,18,F,2-WT-9,200,25,980,122.5,126.7428571,15526,4.29E+05,6683,5128,499,260,20.1,6043,445,5,433,269,130,32,344,4862,,10545.76195,8091.974752,76.73200658,787.4211001,410.2795311,20.1,9535.843102,702.2091975,7.889990983,683.2732191,424.4815149,205.1397656,50.49594229,542.8313796,7672.227232
11/13/2024,5,3xTg_12.1B,6,F,3-3xTg-9,200,25,980,122.5,128.6530612,15760,342024,11505,9011,648,356,28.9,10119,311,6,294,128,138,26,239,8194,,17885.31091,14008.21701,78.32246849,1007.360406,553.4263959,28.9,15730.67893,483.4708122,9.327411168,457.0431472,198.9847716,214.5304569,40.41878173,371.5418782,12738.13452
11/13/2024,6,3xTg_12.1B,6,F,3-3xTg-9,200,25,980,122.5,127.5591837,15626,5.62E+05,5262,3935,552,189,61.5,4342,382,4,372,188,158,26,211,3544,,8250.287982,6169.68514,74.78145192,865.4806092,296.3330347,61.5,6807.8203,598.937668,6.271598618,583.2586714,294.765135,247.7281454,40.76539101,330.8268271,5556.636375
11/13/2024,7,3xTg_12.1B,6,F,3-3xTg-9,200,25,980,122.5,127.6734694,15640,5.45E+05,7222,5635,1356,1519,34.2,7298,492,17,461,215,217,29,690,6977,,11313.23529,8827.205882,78.02547771,2124.168798,2379.507673,34.2,11432.289,770.7161125,26.63043478,722.1547315,336.7966752,339.9296675,45.42838875,1080.882353,10929.44373
11/13/2024,8,18M_1B,18,F,4-WT-18,200,25,980,122.5,116.3918367,14258,7.30E+05,12056,9049,695,174,72.4,7912,608,8,594,353,208,32,173,6068,,20716.22949,15549.20045,75.05806238,1194.241829,298.9900407,72.4,13595.45518,1044.746809,13.74666854,1020.690139,606.5717492,357.413382,54.98667415,297.2717071,10426.84809
11/13/2024,9,18M_2B,6,F,4-WT-18,200,25,980,122.5,119.6,14651,9.64E+05,7794,5626,1539,545,85.5,6842,633,6,624,364,234,25,585,6041,,13033.44482,9408.026756,72.18373108,2573.578595,911.3712375,85.5,11441.47157,1058.528428,10.03344482,1043.478261,608.6956522,391.3043478,41.80602007,978.2608696,10102.00669
11/13/2024,10,3xTg_12.1A2,6,M,3-3xTg-9,200,25,980,122.5,123.6326531,15145,273352,5104,3857,1174,1608,33,6771,443,7,425,205,193,25,1418,6666,,8256.718389,6239.451964,75.56818182,1899.174645,2601.254539,33,10953.41697,716.6391548,11.32386926,687.5206339,331.6275999,312.2152526,40.44239023,2293.892374,10783.55893
11/15/2024,1,6M_2A,6,M,1-WT-6,200,25,1020,127.5,115.4588235,14721,212656,3742,2549,550,515,30.7,4424,328,8,270,121,119,27,560,4102,,6481.96454,4415.426941,68.11865313,952.7206032,892.0929285,30.7,7663.338088,568.1679234,13.85775423,467.6992052,209.5985327,206.1340942,46.76992052,970.042796,7105.563481
11/15/2024,2,6M_2A,6,M,1-WT-6,200,25,1020,127.5,110.2823529,14061,285904,6434,4428,418,224,19.9,6036,348,4,328,190,116,19,269,4980,,11668.23128,8030.296565,68.82188374,758.0541924,406.2299979,19.9,10946.44762,631.1073181,7.254107105,594.8367826,344.5700875,210.369106,34.45700875,487.8387028,9031.363345
11/15/2024,3,9M_1A,18,M,2-WT-9,200,25,1020,127.5,112.1176471,14295,269920,4689,3156,517,833,58.4,5059,435,1,394,225,148,21,468,4839,,8364.428122,5629.80063,67.30646193,922.2455404,1485.93914,58.4,9024.449108,775.9706191,1.783840504,702.8331584,401.3641133,264.0083945,37.46065058,834.8373557,8632.004197
11/15/2024,4,9M_1A,18,M,2-WT-9,200,25,1020,127.5,110.6980392,14114,361352,7048,4870,617,643,35.4,7576,518,4,489,345,116,23,758,6636,,12733.73955,8798.7105,69.09761635,1114.744226,1161.718861,35.4,13687.68599,935.8792688,7.226866941,883.4844835,623.3172736,209.5791413,41.55448491,1369.491285,11989.37225
11/15/2024,5,WT_3.5A1,6,M,4-WT-18,200,25,1020,127.5,110.6588235,14109,4.85E+05,3561,2250,1140,488,65.6,5214,860,4,829,493,262,65,1046,4905,,6435.998299,4066.553264,63.18449874,2060.386987,881.990219,65.6,9423.55943,1554.327025,7.229428025,1498.298958,891.027004,473.5275356,117.4782054,1890.495428,8865.086115
11/15/2024,6,WT_3.5A2,6,M,4-WT-18,200,25,1020,127.5,108.1254902,13786,319688,8886,5682,667,974,44.1,8387,481,6,427,263,129,35,779,7664,,16436.45728,10510.01016,63.94328157,1233.751632,1801.610329,44.1,15513.45568,889.7069491,11.09821558,789.8230088,486.471783,238.611635,64.73959089,1440.918323,14176.1207
11/15/2024,7,3xTg_10.1A1,18,M,3-3xTg-9,200,25,1020,127.5,111.0901961,14164,311624,4555,3111,453,1019,49.2,5140,385,3,354,252,70,20,668,5112,,8200.543632,5600.854278,68.298573,815.553516,1834.545326,49.2,9253.741881,693.1304716,5.401016662,637.3199661,453.6853996,126.0237221,36.00677775,1202.626377,9203.332392
11/15/2024,8,3xTg_10.1A3,18,M,3-3xTg-9,200,25,1020,127.5,108.2196078,13798,233744,3837,2519,315,176,29.7,3476,413,7,370,240,106,23,178,2981,,7091.136397,4655.348601,65.65024759,582.1495869,325.2645311,29.7,6423.974489,763.2627917,12.93665749,683.7947529,443.5425424,195.8979562,42.50616031,328.9607189,5509.167995
11/15/2024,9,6M_4B,18,F,1-WT-6,200,25,1020,127.5,110.8313725,14131,224296,4609,3080,258,148,43.9,3831,201,3,185,108,64,13,160,3080,,8317.139622,5557.993065,66.82577566,465.5721463,267.072394,43.9,6913.20501,362.7131838,5.413629609,333.8404925,194.8906659,115.490765,23.45906164,288.7269125,5557.993065
11/15/2024,10,6M_4B,18,F,1-WT-6,200,25,1020,127.5,110.2980392,14063,207952,4613,3044,343,1004,42.8,4084,147,1,136,70,51,15,454,4097,,8364.609258,5519.590415,65.98742684,621.9512195,1820.521937,42.8,7405.390031,266.5505226,1.813268862,246.6045652,126.9288203,92.47671194,27.19903292,823.2240631,7428.962526
11/20/2024,1,18M_3B,18,F,4-WT-18,200,25,1020,127.5,123.8352941,15789,298936,3902,2941,745,909,18,4772,257,5,243,65,157,20,608,3985,,6301.919058,4749.857496,75.37160431,1203.211096,1468.079042,18,7707.01121,415.067452,8.075242257,392.4567737,104.9781493,253.5626069,32.30096903,981.9494585,6435.968079
11/20/2024,2,18M_3B,18,F,4-WT-18,200,25,1020,127.5,119.0745098,15182,4.61E+05,7281,5604,180,165,42.1,5678,128,1,124,32,86,6,197,4405,,12229.31761,9412.593861,76.96744953,302.3317086,277.1373996,42.1,9536.885786,214.9914372,1.679620603,208.2729548,53.74785931,144.4473719,10.07772362,330.8852589,7398.728758
11/20/2024,3,6M_4B,18,F,1-WT-6,200,25,1020,127.5,125.8196078,16042,161256,3095,2413,82,98,29.8,2616,54,5,46,13,31,2,60,2003,,4919.741927,3835.650168,77.9644588,130.3453435,155.7785812,29.8,4158.334372,85.83717741,7.947886797,73.12055853,20.66450567,49.27689814,3.179154719,95.37464157,3183.923451
11/20/2024,4,6M_4B,18,F,1-WT-6,200,25,1020,127.5,122.1176471,15570,279552,7318,5583,148,98,28.7,5943,58,1,57,14,34,9,78,4370,,11985.16378,9143.641618,76.29133643,242.38921,160.5009634,28.7,9733.236994,94.99036609,1.637764933,93.35260116,22.92870906,55.68400771,14.73988439,127.7456647,7157.032755
11/20/2024,5,6M_3B,6,F,1-WT-6,200,25,1020,127.5,126.2509804,16097,258320,4904,3798,316,236,17.3,4541,174,4,165,41,106,18,182,3330,,7768.652544,6016.586942,77.44698206,500.5901721,373.8584829,17.3,7193.607505,275.6414239,6.336584457,261.3841088,64.94999068,167.9194881,28.51463006,288.3145928,5275.20656
11/20/2024,6,6M_3B,6,F,1-WT-6,200,25,1020,127.5,119.3568627,15218,348837,7117,5556,287,216,58.9,5967,152,2,145,35,102,8,172,4536,,11925.58155,9309.896176,78.0666011,480.9107636,361.9398081,58.9,9998.587199,254.6983835,3.35129452,242.9688527,58.64765409,170.9160205,13.40517808,288.2113287,7600.735971
11/20/2024,7,18M_1B,18,F,4-WT-18,200,25,1020,127.5,121.3254902,15469,334648,3645,2676,485,634,46.6,4177,684,5,667,80,560,25,124,3406,,6008.630164,4411.274161,73.41563786,799.5022303,1045.122503,46.6,6885.60993,1127.545413,8.242291034,1099.521624,131.8766565,923.1365958,41.21145517,204.4088176,5614.648652
11/20/2024,8,18M_1B,18,F,4-WT-18,200,25,1020,127.5,120.4941176,15363,6.37E+05,9901,7501,439,203,55.2,7046,200,1,189,45,113,31,152,5041,,16433.99727,12450.40031,75.76002424,728.6662761,336.945909,55.2,11695.17672,331.9664128,1.659832064,313.7082601,74.69244288,187.5610232,51.45479399,252.2944737,8367.213435
11/20/2024,9,18M_2B,6,F,4-WT-18,200,25,1020,127.5,119.8588235,15282,286384,6351,4841,221,149,44.2,4824,99,0,93,28,57,8,194,3735,,10597.46761,8077.836671,76.22421666,368.7671771,248.6258343,44.2,8049.469965,165.1943463,0,155.1825677,46.72163329,95.11189635,13.34903808,323.7141735,6232.332155
11/20/2024,10,18M_2B,6,F,4-WT-18,200,25,1020,127.5,117.6,14994,4.38E+05,4155,3170,589,210,24.2,4839,526,5,511,213,267,28,630,3678,,7066.326531,5391.156463,76.29362214,1001.70068,357.1428571,24.2,8229.591837,894.5578231,8.503401361,869.047619,362.244898,454.0816327,47.61904762,1071.428571,6255.102041
11/22/2024,1,9M_1B,18,F,2-WT-9,200,25,1020,127.5,111.9529412,14274,372296,2031,1549,319,660,21.1,1659,302,6,272,163,85,23,368,1825,,3628.310214,2767.234132,76.26784835,569.8823035,1179.066835,21.1,2963.745271,539.5124002,10.71878941,485.9184531,291.1937789,151.8495166,41.08869273,657.4190836,3260.298445
11/22/2024,2,9M_1B,18,F,2-WT-9,200,25,1020,127.5,110.3215686,14066,5.55E+05,3533,2555,164,86,19,1749,352,1,337,195,114,26,116,1618,,6404.912555,4631.913835,72.31814322,297.3126688,155.9078629,19,3170.73084,638.1345087,1.812882127,610.9412768,353.5120148,206.6685625,47.1349353,210.2943267,2933.243282
11/22/2024,3,3xTg_12.1A4,6,M,3-3xTg-9,200,25,1020,127.5,116.0156863,14792,214224,630,478,58,145,84.7,404,50,0,47,27,19,0,93,571,,1086.060032,824.0265008,75.87301587,99.98647918,249.9661979,84.7,696.4575446,86.19524067,0,81.02352623,46.54542996,32.75419145,0,160.3231476,984.3496485
11/22/2024,4,3xTg_12.1A5,6,M,3-3xTg-9,200,25,1020,127.5,114.6509804,14618,4.58E+05,4604,3440,565,709,75.6,3298,301,6,270,132,115,22,1065,3779,,8031.331235,6000.820906,74.71763684,985.5999453,1236.797099,75.6,5753.112601,525.0718293,10.46654809,470.9946641,230.264058,200.6088384,38.377343,1857.812286,6592.180873
11/22/2024,5,6M_2A,6,M,1-WT-6,200,25,1020,127.5,111.8196078,14257,4.75E+05,2691,1940,458,218,29.9,2095,280,11,231,115,93,23,568,2216,,4813.10935,3469.874448,72.09215905,819.1765449,389.9137266,29.9,3747.106684,500.8066213,19.67454584,413.1654626,205.6884338,166.3393421,41.13768675,1015.922003,3963.526689
11/22/2024,6,6M_2A,6,M,1-WT-6,200,25,1020,127.5,109.2235294,13926,4.11E+05,2819,2142,232,268,17.7,1521,181,5,153,72,70,11,317,1641,,5161.891426,3922.231797,75.98439163,424.8168893,490.7367514,17.7,2785.114175,331.4304179,9.155536407,280.159414,131.8397243,128.1775097,20.14218009,580.4610082,3004.847049
11/22/2024,7,WT_3.5A3,6,M,4-WT-18,200,25,1020,127.5,114.3137255,14575,4.83E+05,4007,2861,367,202,19.7,2715,737,2,704,468,207,27,383,2661,,7010.531732,5005.523156,71.40004991,642.0926244,353.4133791,19.7,4750.085763,1289.433962,3.499142367,1231.698113,818.7993139,362.161235,47.23842196,670.0857633,4655.608919
11/22/2024,8,WT_3.5A4,6,M,4-WT-18,200,25,1020,127.5,114.1882353,14559,255648,2662,1976,358,590,17.1,2131,224,2,202,134,48,19,678,2586,,4662.476818,3460.951988,74.22990233,627.0348238,1033.381414,17.1,3732.433546,392.3346384,3.502987843,353.8017721,234.7001855,84.07170822,33.2783845,1187.512879,4529.36328
11/22/2024,9,WT_3.5A5,6,M,4-WT-18,200,25,1020,127.5,113.4823529,14469,7.15E+05,4721,3426,1396,2869,17.4,7356,693,9,621,390,174,56,3425,9733,,8320.236367,6037.943189,72.5693709,2460.294423,5056.292764,17.4,12964.13021,1221.335269,15.86149699,1094.443293,687.3315364,306.6556085,98.69375907,6036.1808,17153.3278
11/22/2024,10,9M_1A,18,M,2-WT-9,200,25,1020,127.5,115.4196078,14716,373288,3615,2743,316,628,29.5,2312,252,2,238,149,80,9,597,2757,,6264.100299,4753.091873,75.87828492,547.5672737,1088.203316,29.5,4006.251699,436.6675727,3.465615656,412.4082631,258.1883664,138.6246263,15.59527045,1034.486273,4777.351182
11/22/2024,11,9M_1A,18,M,2-WT-9,200,25,1020,127.5,112.7058824,14370,7.44E+05,5338,3692,471,833,75,3006,411,6,384,178,194,12,408,3537,,9472.442589,6551.565762,69.16448108,835.8037578,1478.183716,75,5334.237996,729.3319415,10.64718163,681.4196242,315.8663883,344.2588727,21.29436326,724.0083507,6276.51357
1/7/2025,1,18M_4B(3),0,F,4-WT-18,200,25,1020,127.5,117.827451,15023,218704,3169,2511,346,221,21.1,3670,350,2,336,128,192,15,114,2770,,5379.05212,4262.164681,79.23635216,587.2994741,375.1248086,21.1,6229.448179,594.0890634,3.394794648,570.3255009,217.2668575,325.9002862,25.46095986,193.5032949,4701.790588
1/7/2025,2,WT_18.3B(3),0,F,1-WT-6,200,25,1020,127.5,118.2509804,15077,173912,3621,2911,306,148,18.8,3639,100,6,84,32,42,10,159,2731,,6124.262121,4923.426411,80.39215686,517.5432778,250.3150494,18.8,6154.705843,169.1317901,10.14790741,142.0707037,54.12217285,71.03535186,16.91317901,268.9195463,4618.989189
1/7/2025,3,WT_20.2B(3),12,F,1-WT-6,200,25,1020,127.5,117.2862745,14954,185056,4365,3465,200,98,21.1,4013,111,5,98,34,58,6,84,2889,,7443.3262,5908.619767,79.3814433,341.045874,167.1124783,21.1,6843.085462,189.2804601,8.52614685,167.1124783,57.97779858,98.90330346,10.23137622,143.2392671,4926.40765
1/7/2025,4,18M_5B,6,F,4-WT-18,200,25,1020,127.5,115.4745098,14723,210744,2988,2417,371,86,17.4,3037,153,1,143,37,90,16,256,2168,,5175.168104,4186.205257,80.89022758,642.5660531,148.9506215,17.4,5260.035319,264.9935475,1.731983971,247.6737078,64.08340691,155.8785574,27.71174353,443.3878965,3754.941248
1/7/2025,5,18M_5B,6,F,4-WT-18,200,25,1020,127.5,119.9058824,15288,216224,2917,2367,362,300,12.1,3407,181,1,165,65,85,15,288,2682,,4865.482732,3948.096546,81.145012,603.8069074,500.3924647,12.1,5682.790424,301.9034537,1.667974882,275.2158556,108.4183673,141.777865,25.01962323,480.3767661,4473.508634
1/7/2025,6,18M_6B,18,F,4-WT-18,200,25,1020,127.5,116.4705882,14850,217320,2562,2044,221,205,24.6,2882,133,1,127,58,53,16,237,2229,,4399.393939,3509.89899,79.78142077,379.4949495,352.020202,24.6,4948.888889,228.3838384,1.717171717,218.0808081,99.5959596,91.01010101,27.47474747,406.969697,3827.575758
1/7/2025,7,18M_6B,18,F,4-WT-18,200,25,1020,127.5,117.2392157,14948,326864,5485,4332,386,1256,23.9,5466,188,0,174,53,111,10,154,4625,,9356.937383,7390.018732,78.97903373,658.4827402,2142.627776,23.9,9324.52502,320.7118009,0,296.8290072,90.41343324,189.3564356,17.05913835,262.7107305,7889.851485
1/7/2025,8,WT_5.6B(2),12,F,4-WT-18,200,25,1020,127.5,115.9843137,14788,199040,2878,2259,381,344,21,3406,267,4,249,123,111,15,360,2635,,4962.74006,3895.354341,78.49200834,656.9853936,593.1836624,21,5873.208006,460.4070868,6.897484447,429.3684068,212.0976467,191.4051934,25.86556668,620.7736002,4543.717879
1/7/2025,9,WT_5.6B(2),12,F,4-WT-18,200,25,1020,127.5,121.5215686,15494,213312,2723,2184,308,326,28.9,2780,176,3,165,55,92,17,147,2267,,4481.508971,3594.423648,80.20565553,506.9058991,536.5302698,28.9,4575.319479,289.6605137,4.937395121,271.5567316,90.51891055,151.4134504,27.97857235,241.9323609,3731.024913
1/7/2025,10,6M_7B,6,F,1-WT-6,200,25,1020,127.5,114.1176471,14550,262752,7032,5508,447,770,37.6,6852,127,6,115,31,65,17,423,5450,,12324.12371,9653.195876,78.32764505,783.4020619,1349.484536,37.6,12008.65979,222.5773196,10.51546392,201.5463918,54.32989691,113.9175258,29.79381443,741.3402062,9551.546392
1/7/2025,11,6M_7B,6,F,1-WT-6,200,25,1020,127.5,117.8588235,15027,196960,4404,3448,266,110,17.2,3781,76,6,64,19,40,5,128,2697,,7473.347974,5851.068077,78.2924614,451.3875025,186.6640048,17.2,6416.150928,128.9678579,10.18167299,108.6045119,32.24196446,67.87781992,8.484727491,217.2090238,4576.662008
1/8/2025,1,18M_1A(3),0,M,4-WT-18,200,25,1020,127.5,117.1137255,14932,4.76E+05,2740,1907,904,870,72.3,4480,224,3,218,62,143,13,1205,4016,,4679.21243,3256.663541,69.59854015,1543.798553,1485.735334,72.3,7650.683097,382.5341548,5.123225288,372.2877043,105.8799893,244.2070721,22.20064291,2057.828824,6858.290919
1/8/2025,2,18M_2A,6,M,4-WT-18,200,25,1020,127.5,110.3372549,14068,340544,5331,3826,778,416,63.4,6258,230,2,228,96,108,22,830,4922,,9663.100654,6935.100938,71.76889889,1410.22178,754.0517486,63.4,11343.40347,416.903611,3.625248792,413.2783622,174.011942,195.7634347,39.87773671,1504.478249,8921.737276
1/8/2025,3,18M_2A,6,M,4-WT-18,200,25,1020,127.5,123.0666667,15691,390656,3446,2481,1246,1588,26.4,6588,223,3,220,66,139,14,1985,6267,,5600.216685,4031.960997,71.9965177,2024.918743,2580.71506,26.4,10706.3922,362.4052004,4.875406284,357.5297941,107.2589382,225.8938245,22.75189599,3225.893824,10184.72373
1/8/2025,4,WT_10.2C(3),12,M,4-WT-18,200,25,1020,127.5,118.1490196,15064,135600,2701,1975,552,499,24.1,3312,157,10,145,29,108,8,303,2734,,4572.191981,3343.235528,73.12106627,934.4131705,844.6959639,24.1,5606.479023,265.7660648,16.92777483,245.452735,49.090547,182.8199681,13.54221986,512.9115773,4628.053638
1/8/2025,5,WT_18.3A(3),0,M,1-WT-6,200,25,1020,127.5,118.8078431,15148,253152,2712,1923,824,1360,56.7,4054,173,4,159,75,79,5,743,3831,,4565.355162,3237.160021,70.90707965,1387.11381,2289.411143,56.7,6824.465276,291.2265646,6.733562186,267.6590969,126.254291,132.9878532,8.416952733,1250.759176,6449.069184
1/8/2025,6,6M_4A,6,M,1-WT-6,200,25,1020,127.5,114.5960784,14611,223936,3668,2626,947,1025,37.8,5079,150,12,135,47,69,17,931,4348,,6401.615221,4583.053864,71.59214831,1652.761618,1788.891931,37.8,8864.177674,261.789063,20.94312504,235.6101567,82.02723975,120.422969,29.66942714,1624.837451,7588.392307
1/8/2025,7,6M_4A,6,M,1-WT-6,200,25,1020,127.5,118.1568627,15065,4.14E+05,6317,4554,809,368,55.8,6152,216,4,211,70,118,20,620,4524,,10692.56555,7708.396947,72.09118252,1369.36608,622.9007634,55.8,10413.2758,365.6156654,6.770660471,357.1523399,118.4865582,199.7344839,33.85330236,1049.452373,7657.616993
1/8/2025,8,WT_21.2A(4),12,M,1-WT-6,200,25,1020,127.5,112.8235294,14385,360184,5136,3787,875,1547,36.9,5916,265,6,259,84,150,25,754,5235,,9104.483837,6713.138686,73.73442368,1551.094891,2742.335766,36.9,10487.17414,469.7601668,10.63607925,459.1240876,148.9051095,265.9019812,44.31699687,1336.600626,9279.979145
1/8/2025,9,WT_21.2A(4),12,M,1-WT-6,200,25,1020,127.5,115.4980392,14726,276168,5166,3731,530,654,29.5,4763,124,3,117,47,62,8,302,3763,,8945.60641,6460.715741,72.22222222,917.7644982,1132.486758,29.5,8247.759066,214.7222599,5.194893386,202.600842,81.38666304,107.36113,13.85304903,522.9526008,6516.127937
1/8/2025,10,WT_22.3A(3),18,M,1-WT-6,200,25,1020,127.5,114.7607843,14632,359848,4655,3313,434,297,38,4478,128,6,119,36,72,10,324,3395,,8112.527337,5773.749317,71.1707841,756.3559322,517.5984144,38,7804.059595,223.0727173,10.45653362,207.3879169,62.73920175,125.4784035,17.42755604,564.6528157,5916.655276
1/8/2025,11,WT_10.2A(2),12,M,4-WT-18,200,25,1020,127.5,112.3764706,14328,256096,2660,1903,353,265,29.3,2827,86,3,82,22,54,6,204,2277,,4734.087102,3386.829983,71.54135338,628.2453936,471.6289782,29.3,5031.302345,153.0569514,5.33919598,145.9380235,39.15410385,96.10552764,10.67839196,363.0653266,4052.449749
1/8/2025,12,WT_10.2A(2),12,M,4-WT-18,200,25,1020,127.5,111.1372549,14170,238056,3267,2305,817,1026,29.5,4094,267,2,260,105,145,10,416,3639,,5879.216655,4148.023994,70.5540251,1470.254058,1846.365561,29.5,7367.466478,480.4869442,3.59915314,467.8899083,188.9555399,260.9386027,17.9957657,748.6238532,6548.659139
1/8/2025,13,3xTg_5.5A,18,M,5-3xTg-18,200,25,1020,127.5,113.3333333,14450,360416,3527,2441,570,1313,49.3,4437,260,3,255,59,183,13,730,4066,,6224.117647,4307.647059,69.20895946,1005.882353,2317.058824,49.3,7830,458.8235294,5.294117647,450,104.1176471,322.9411765,22.94117647,1288.235294,7175.294118
1/9/2025,1,9M_2B,0,F,2-WT-9,200,25,1040,130,120.7692308,15700,139720,2788,1790,307,200,22,2811,90,0,88,29,53,6,128,2078,,4617.070064,2964.33121,64.20373027,508.4076433,331.2101911,22,4655.159236,149.044586,0,145.7324841,48.02547771,87.77070064,9.936305732,211.9745223,3441.273885
1/9/2025,2,WT_14.2B(3),12,F,2-WT-9,200,25,1040,130,113.9769231,14817,158616,2980,1834,161,103,17.7,3191,165,5,157,61,87,9,147,2424,,5229.128704,3218.195316,61.54362416,282.5133293,180.7383411,17.7,5599.379092,289.532294,8.773705878,275.4943646,107.0392117,152.6624823,15.79267058,257.9469528,4253.49261
1/9/2025,3,WT_20.1B/21.1B(2),6,F,2-WT-9,200,25,1040,130,113.7461538,14787,316368,5131,3461,655,296,55.8,5727,220,4,212,46,150,16,406,3998,,9021.843511,6085.48049,67.45273826,1151.687293,520.4571583,55.8,10069.79103,386.8262663,7.033204842,372.7598566,80.88185568,263.7451816,28.13281937,713.8702915,7029.68824
1/9/2025,4,WT_20.1B/21.1B(2),6,F,2-WT-9,200,25,1040,130,119.1153846,15485,189096,2982,1854,1374,2757,40.1,6325,339,11,315,95,193,25,1522,5393,,5006.909913,3112.948014,62.17303823,2307.006781,4629.12496,40.1,10619.95479,569.1959961,18.4694866,528.8989345,159.5092025,324.0555376,41.97610591,2555.505328,9055.085567
1/9/2025,5,3xTg_9.3B(3),0,F,3-3xTg-9,200,25,1040,130,120.5846154,15676,175864,3721,2410,312,110,21.3,3992,169,2,166,28,132,6,153,2881,,6171.599898,3997.193162,64.76753561,517.4789487,182.4445011,21.3,6621.076805,280.3010972,3.317172748,275.3253381,46.44041847,218.9334014,9.951518244,253.7637152,4778.387344
1/9/2025,6,3xTg_9.2B(3),12,F,3-3xTg-9,200,25,1040,130,120.4384615,15657,354440,3203,2098,377,124,34.8,3423,178,2,172,43,117,12,158,2362,,5318.898895,3483.936897,65.50109273,626.0458581,205.9142875,34.8,5684.230696,295.5866386,3.321198186,285.623044,71.405761,194.2900939,19.92718912,262.3746567,3922.335058
1/9/2025,7,3xTg_(1?)3.1B(3),18,F,3-3xTg-9,200,25,1040,130,121.7307692,15825,375600,3921,2635,193,174,12.6,3589,91,6,84,19,60,5,107,2541,,6442.085308,4329.225908,67.20224433,317.093207,285.8767773,12.6,5896.619273,149.5102686,9.857819905,138.0094787,31.2164297,98.57819905,8.214849921,175.7977883,4174.78673
1/9/2025,8,3xTg_7.2B(3),0,F,5-3xTg-18,200,25,1040,130,119.2846154,15507,117304,2536,1664,316,106,29.1,2986,189,5,181,36,129,14,147,2160,,4252.015219,2789.965822,65.61514196,529.8252402,177.7261882,29.1,5006.513188,316.8891468,8.383310763,303.4758496,60.35983749,216.2894177,23.47327014,246.4693364,3621.59025
1/9/2025,9,3xTg_7.2D(2),0,F,5-3xTg-18,200,25,1040,130,124.0461538,16126,302304,4900,3069,317,158,74.8,4871,166,3,163,34,125,4,122,3591,,7900.285254,4948.158254,62.63265306,511.1000868,254.7438919,74.8,7853.528463,267.6423168,4.836909339,262.8054074,54.81830584,201.5378891,6.449212452,196.7009798,5789.780479
1/9/2025,10,3xTg_7.2D(2),0,F,5-3xTg-18,200,25,1040,130,118.0692308,15349,310992,4221,2820,438,276,52.2,4621,344,9,333,88,233,11,238,3196,,7150.042348,4776.858427,66.80881308,741.9375855,467.5223142,52.2,7827.610919,582.7089713,15.24529285,564.0758356,149.0650857,394.6836927,18.63313571,403.1532999,5413.772884
1/9/2025,11,3xTg_4.91B/2.22B(2),12,F,5-3xTg-18,200,25,1040,130,118.8384615,15449,5.38E+05,4576,2822,534,216,76.7,4643,207,1,202,69,111,20,209,3166,,7701.210434,4749.304162,61.66958042,898.6989449,363.5186743,76.7,7813.968542,348.3720629,1.682956826,339.9572788,116.124021,186.8082077,33.65913651,351.7379766,5328.24131
1/9/2025,12,3xTg_4.91B/2.22B(2),12,F,5-3xTg-18,200,25,1040,130,122.6846154,15949,130928,3538,2295,250,210,27.7,3634,243,1,239,85,149,5,138,2668,,5767.634334,3741.300395,64.86715659,407.5490626,342.3412126,27.7,5924.133174,396.1376889,1.630196251,389.6169039,138.5666813,242.8992413,8.150981253,224.9670826,4349.363596
1/10/2025,1,WT_20.1A(4),0,M,2-WT-9,200,25,1040,130,119.5615385,15543,234864,3397,2228,480,445,27.2,4061,158,1,153,36,107,10,514,3324,,5682.429389,3726.951039,65.5872829,802.9337966,744.3865406,27.2,6793.154475,264.2990414,1.672778743,255.9351477,60.22003474,178.9873255,16.72778743,859.8082738,5560.316541
1/10/2025,2,9M_2A,12,M,2-WT-9,200,25,1040,130,116.5846154,15156,288928,3562,2373,365,117,19.1,3743,150,6,140,53,67,20,139,2953,,6110.583267,4070.863025,66.61987647,626.1546582,200.7125891,19.1,6421.087358,257.3238321,10.29295329,240.16891,90.92108736,114.9379784,34.30984429,238.4534178,5065.848509
1/10/2025,3,3xTg_9.3A(4),0,M,3-3xTg-9,200,25,1040,130,116.9076923,15198,237248,4249,2866,721,1400,60.1,5351,231,8,217,67,128,21,878,4489,,7268.982761,4903.013554,67.45116498,1233.45177,2395.051981,60.1,9154.23082,395.1835768,13.68601132,371.233057,114.6203448,218.9761811,35.92577971,1502.039742,7679.5631
1/10/2025,4,3xTg_13.1A(3),12,M,3-3xTg-9,200,25,1040,130,117.5076923,15276,295840,3314,2220,404,122,13.1,3598,312,2,306,71,224,9,236,2745,,5640.481802,3778.476041,66.98853349,687.6145588,207.6459806,13.1,6123.854412,531.0290652,3.404032469,520.8169678,120.8431527,381.2516366,15.31814611,401.6758314,4672.034564
1/10/2025,5,3xTg_13.1A(3),12,M,3-3xTg-9,200,25,1040,130,114.0692308,14829,280752,3992,2627,698,458,49,5926,814,8,797,257,511,29,1401,4642,,6999.25821,4605.974779,65.80661323,1223.818194,803.0211073,49,10390.1814,1427.203453,14.02656956,1397.396992,450.6035471,895.9471306,50.84631465,2456.402994,8138.916987
1/10/2025,6,WT_21.1C(3),6,M,2-WT-9,200,25,1040,130,110.3692308,14348,267184,7009,4762,1034,1096,27.1,8198,157,3,145,49,80,16,956,6782,,12701.00362,8629.216616,67.94121843,1873.710622,1986.060775,27.1,14855.58963,284.4995818,5.436297742,262.7543909,88.79286312,144.9679398,28.99358796,1732.36688,12289.6571
1/10/2025,7,WT_21.1C(3),6,M,2-WT-9,200,25,1040,130,114.1,14833,317416,4479,2941,822,879,32.5,5293,298,8,284,98,171,13,631,4328,,7851.007888,5155.127082,65.66197812,1440.841367,1540.753725,32.5,9277.826468,522.3488168,14.02278703,497.8089395,171.7791411,299.7370727,22.78702892,1106.047327,7586.327783
1/10/2025,8,3xTg_3.621A(4),0,M,5-3xTg-18,200,25,1040,130,112.0307692,14564,282144,3781,2628,663,828,49,4358,175,1,167,57,92,18,402,3614,,6749.931338,4691.56825,69.50542185,1183.603406,1478.165339,49,7780.005493,312.4141719,1.78522384,298.1323812,101.7577589,164.2405932,32.13402911,717.6599835,6451.798956
1/10/2025,9,3xTg_3.621C(3),6,M,5-3xTg-18,200,25,1040,130,123.0461538,15996,250816,4777,3258,538,607,18.8,4877,210,3,204,111,77,16,373,3837,,7764.566142,5295.573893,68.20180029,874.4686172,986.6216554,18.8,7927.106777,341.3353338,4.876219055,331.5828957,180.420105,125.1562891,26.00650163,606.2765691,6236.684171
1/10/2025,10,3xTg_9.2A(3),12,M,5-3xTg-18,200,25,1040,130,112.6307692,14642,211048,4863,3195,412,550,22.3,5011,112,5,100,48,45,7,469,4012,,8635.295725,5673.405273,65.70018507,731.5940445,976.6425352,22.3,8898.101352,198.8799344,8.878568502,177.57137,85.23425762,79.90711651,12.4299959,832.8097254,7124.163366
1/10/2025,11,3xTg_9.2A(3),12,M,5-3xTg-18,200,25,1040,130,112.3769231,14609,354568,4616,3052,562,980,64.6,4800,144,3,138,46,72,20,416,3930,,8215.209802,5431.720172,66.11785095,1000.205353,1744.130331,64.6,8542.67917,256.2803751,5.339174481,245.6020261,81.86734205,128.1401876,35.59449654,740.3655281,6994.318571
1/10/2025,12,3xTg_5.5A(2),18,M,5-3xTg-18,200,25,1040,130,107.8,14014,365696,3778,2457,503,805,56.8,4651,268,0,257,90,146,21,732,3789,,7009.276438,4558.441558,65.03440974,933.2096475,1493.506494,56.8,8628.942486,497.2170686,0,476.8089054,166.9758813,270.8719852,38.96103896,1358.070501,7029.684601
1/10/2025,13,3xTg_5.5A(2),18,M,5-3xTg-18,200,25,1040,130,114.9230769,14940,313680,3711,2485,551,408,40.2,4290,300,4,289,112,154,16,628,3305,,6458.232932,4324.631861,66.96308273,958.9022758,710.0401606,40.2,7465.863454,522.0883534,6.961178046,502.9451138,194.9129853,268.0053548,27.84471218,1092.904953,5751.67336
1/13/2025,1,18M_4B(3),0,F,4-WT-18,200,25,1040,130,119.9538462,15594,310936,4129,2863,505,253,42.7,4797,721,13,696,406,269,20,108,3950,,6884.31448,4773.502629,69.33882296,841.9905092,421.8289086,42.7,7998.076183,1202.129024,21.67500321,1160.446326,676.9270232,448.5058356,33.34615878,180.0692574,6585.866359
1/13/2025,2,18M_4B(3),0,F,4-WT-18,200,25,1040,130,115.0769231,14960,209688,5144,3619,771,287,27.6,6210,478,3,470,324,132,14,544,5040,,8940.106952,6289.705882,70.35381026,1339.973262,498.7967914,27.6,10792.78075,830.7486631,5.213903743,816.8449198,563.1016043,229.4117647,24.3315508,945.4545455,8759.358289
1/13/2025,3,WT_18.3B(3),0,F,1-WT-6,200,25,1040,130,117.2384615,15241,200856,3488,2468,494,229,17.3,3830,259,12,237,72,136,24,254,3319,,5950.265731,4210.222426,70.75688073,842.7268552,390.6567811,17.3,6533.692015,441.8345253,20.4710977,404.3041795,122.8265862,232.0057739,40.94219539,433.3049013,5661.964438
1/13/2025,4,WT_18.3B(3),0,F,1-WT-6,200,25,1040,130,114.7692308,14920,254616,7543,5413,585,274,21.4,7110,226,12,196,85,82,28,290,5755,,13144.63807,9432.841823,71.76189845,1019.436997,477.4798928,21.4,12390.08043,393.8337802,20.91152815,341.5549598,148.1233244,142.8954424,48.79356568,505.3619303,10028.82038
1/13/2025,5,WT_20.2B(3),12,F,1-WT-6,200,25,1040,130,113.1692308,14712,193960,9384,6643,426,275,36.3,7986,355,7,341,167,133,37,215,6428,,16584.01305,11739.94018,70.79070759,752.8548124,485.9978249,36.3,14113.37684,627.3790103,12.37085372,602.6373029,295.1332246,235.0462208,65.38879826,379.9619358,11359.97825
1/13/2025,6,WT_20.2B(3),12,F,1-WT-6,200,25,1040,130,111.8230769,14537,250248,10850,7787,425,84,21.6,8713,333,6,318,164,137,15,137,6812,,19405.65454,13927.35778,71.76958525,760.1293252,150.2373254,21.6,15583.54544,595.583683,10.73123753,568.7555892,293.3204925,245.0299236,26.82809383,245.0299236,12183.53168
1/13/2025,7,WT_20.2D(2),12,F,1-WT-6,200,25,1040,130,115.0230769,14953,279424,8865,6587,316,62,22.1,7502,203,19,174,86,68,20,49,5568,,15414.29813,11453.35384,74.3034405,549.4549589,107.804454,22.1,13044.33893,352.9726476,33.03684879,302.5479837,149.5352103,118.237143,34.77563031,85.20029426,9681.535478
1/13/2025,8,WT_20.2D(2),12,F,1-WT-6,200,25,1040,130,100.4384615,13057,272864,5432,4452,229,46,45.8,3786,162,2,143,73,57,13,45,2863,,10816.57349,8865.129815,81.95876289,456.0006127,91.59837635,45.8,7538.944627,322.5855863,3.982538102,284.7514743,145.3626407,113.5023359,25.88649766,89.6071073,5701.003293
1/13/2025,9,6M_8B,18,F,1-WT-6,200,25,1040,130,119.8846154,15585,261784,6597,5166,465,178,43.6,5265,235,10,204,97,88,18,178,3971,,11005.58229,8618.286814,78.30832196,775.7459095,296.9521976,43.6,8783.445621,392.0436317,16.68270773,340.3272377,161.822265,146.807828,30.02887392,296.9521976,6624.70324
1/13/2025,10,6M_8B,18,F,1-WT-6,200,25,1040,130,110.0846154,14311,393648,12637,8468,548,353,74.1,9879,301,16,267,127,82,58,206,7895,,22958.7031,15384.52938,67.00957506,995.5977919,641.324855,74.1,17948.01202,546.8520718,29.06854867,485.0814059,230.7316051,148.9763119,105.3734889,374.2575641,14343.51198
1/13/2025,11,3xTg_7.2B(3),0,F,5-3xTg-18,200,25,1040,130,120.6692308,15687,282408,7766,5483,1020,324,26.7,8012,661,1,637,468,148,21,171,6206,,12871.54969,9087.652196,70.60262683,1690.571811,537.0051635,26.7,13279.27583,1095.55683,1.657423344,1055.77867,775.6741251,245.2986549,34.80589023,283.4193919,10285.96927
1/13/2025,12,3xTg_7.2B(3),0,F,5-3xTg-18,200,25,1040,130,116.7,15171,203432,7074,4731,697,685,35.7,6716,503,10,481,294,153,33,304,5645,,12123.39332,8107.969152,66.87871077,1194.515853,1173.9503,35.7,11509.85433,862.0394173,17.13796058,824.335904,503.8560411,262.2107969,56.55526992,520.9940017,9674.378749
1/14/2025,1,18M_1A(3),0,M,4-WT-18,200,25,1040,130,117.3153846,15251,5.02E+05,5409,3597,662,311,74.8,4384,166,1,160,28,111,19,393,3190,,9221.296964,6132.188053,66.50027732,1128.581732,530.1947413,74.8,7473.870566,282.9978362,1.704806242,272.7689988,47.73457478,189.2334929,32.3913186,669.9888532,5438.331913
1/14/2025,2,18M_1A(3),0,M,4-WT-18,200,25,1040,130,118.6846154,15429,225832,4088,2864,932,1035,22.4,4766,163,4,156,48,96,12,230,3726,,6888.84568,4826.236308,70.05870841,1570.548966,1744.118219,22.4,8031.369499,274.6775553,6.740553503,262.8815866,80.88664204,161.7732841,20.22166051,387.5818264,6278.825588
1/14/2025,3,WT_10.2C(3),12,M,4-WT-18,200,25,1040,130,116.7769231,15181,190488,2546,1676,550,557,17.2,3112,316,11,301,70,194,36,492,2595,,4360.450563,2870.430143,65.82875098,941.9669323,953.9556024,17.2,5329.82017,541.2028193,18.83933865,515.5128121,119.8867005,332.257427,61.65601739,842.6322377,4444.371254
1/14/2025,4,WT_10.2C(3),12,M,4-WT-18,200,25,1040,130,115.7923077,15053,271312,2426,1682,523,679,23,2983,169,3,165,40,114,7,409,2441,,4190.261078,2905.201621,69.33223413,903.3415266,1172.789477,23,5152.32844,291.9019465,5.181691357,284.9930246,69.0892181,196.9042716,12.09061317,706.437255,4216.169534
1/14/2025,5,WT_18.3A(3),0,M,1-WT-6,200,25,1040,130,122.5461538,15931,187072,3588,2523,440,314,33.9,3294,125,3,122,25,82,15,243,2530,,5855.752935,4117.632289,70.31772575,718.0967924,512.4599837,33.9,5375.933714,204.0047706,4.896114494,199.1086561,40.80095411,133.8271295,24.48057247,396.585274,4129.056556
1/14/2025,6,WT_18.3A(3),0,M,1-WT-6,200,25,1040,130,116.8076923,15185,138264,2180,1513,317,198,20.1,2056,95,3,92,20,64,8,260,1588,,3732.630886,2590.582812,69.40366972,542.7724728,339.0187685,20.1,3520.316101,162.6605203,5.136648008,157.5238722,34.24432005,109.5818242,13.69772802,445.1761607,2718.999012
1/14/2025,7,WT_21.2A(4),12,M,1-WT-6,200,25,1040,130,117.9,15327,216552,5058,3745,595,482,40.3,4964,229,9,215,59,134,22,393,3564,,8580.152672,6352.841391,74.04112297,1009.329941,817.6420696,40.3,8420.695505,388.4648007,15.26717557,364.7158609,100.0848176,227.3112807,37.31976251,666.6666667,6045.801527
1/14/2025,8,WT_21.2A(4),12,M,1-WT-6,200,25,1040,130,113.6153846,14770,303688,5149,3686,405,399,53.9,4034,86,2,82,13,59,10,356,3010,,9063.913338,6488.557888,71.58671587,712.9316181,702.3696682,53.9,7101.150982,151.3879485,3.520649966,144.3466486,22.88422478,103.859174,17.60324983,626.675694,5298.578199
1/14/2025,9,WT_22.3A(3),18,M,1-WT-6,200,25,1040,130,115.5692308,15024,281280,7258,5474,1184,2258,33.3,8543,144,3,137,44,82,11,2703,7111,,12560.43663,9473.109691,75.42022596,2048.988285,3907.614483,33.3,14784.21193,249.201278,5.191693291,237.0873269,76.14483493,141.9062833,19.03620873,4677.715655,12306.04366
1/14/2025,10,WT_22.3A(3),18,M,1-WT-6,200,25,1040,130,105.8230769,13757,7.85E+05,4695,3219,518,367,77.4,4109,191,8,182,25,147,10,605,3045,,8873.300865,6083.739187,68.56230032,978.9925129,693.6105256,77.4,7765.79196,360.9798648,15.11957549,343.9703424,47.2486734,277.8221996,18.89946936,1143.417896,5754.88842
1/14/2025,11,WT_18.3C(2),0,M,1-WT-6,200,25,1040,130,115.9307692,15071,364872,4425,3213,630,996,74.4,4186,100,4,94,27,60,7,619,3445,,7633.866366,5542.963307,72.61016949,1086.85555,1718.26687,74.4,7221.551324,172.516754,6.900670161,162.1657488,46.57952359,103.5100524,12.07617278,1067.878707,5943.202176
1/14/2025,12,WT_18.3C(2),0,M,1-WT-6,200,25,1040,130,109.2307692,14200,229072,6452,4664,492,539,35.2,5688,148,3,144,25,105,13,549,4341,,11813.52113,8539.71831,72.28766274,900.8450704,986.9014085,35.2,10414.64789,270.9859155,5.492957746,263.6619718,45.77464789,192.2535211,23.8028169,1005.211268,7948.309859
1/16/2025,1,9M_2B,0,F,2-WT-9,200,25,1040,130,123.6846154,16079,185344,4311,2461,300,71,25.8,4161,289,6,268,147,98,22,83,3355,,6970.955905,3979.476336,57.08652285,485.1047951,114.8081348,25.8,6728.403508,467.3176193,9.702095901,433.3602836,237.7013496,158.4675664,35.57435164,134.2123266,5425.088625
1/16/2025,2,9M_2B,0,F,2-WT-9,200,25,1040,130,119.0846154,15481,222712,5092,2942,371,145,36.2,4449,268,4,244,98,120,26,170,3588,,8551.902332,4941.024482,57.77690495,623.0863639,243.5243201,36.2,7471.997933,450.1001227,6.71791228,409.7926491,164.5888508,201.5373684,43.66642982,285.5112719,6025.967315
1/16/2025,3,WT_14.2B(3),12,F,2-WT-9,200,25,1040,130,118.3076923,15380,367896,7224,4295,606,594,51.6,6792,364,4,340,153,156,30,321,5708,,12212.22367,7260.728218,59.45459579,1024.447334,1004.161248,51.6,11481.92458,615.3446034,6.762028609,574.7724317,258.6475943,263.7191157,50.71521456,542.6527958,9649.414824
1/16/2025,4,WT_14.2B(3),12,F,2-WT-9,200,25,1040,130,116.0615385,15088,4.18E+05,8369,5174,496,189,22,7766,638,6,604,392,162,50,219,6019,,14421.6596,8915.959703,61.82339587,854.718982,325.6892895,22,13382.55567,1099.416755,10.33934252,1040.827147,675.5037116,279.1622481,86.1611877,377.3860021,10372.08378
1/16/2025,5,3xTg_13.1B(3),18,F,3-3xTg-9,200,25,1040,130,117.3923077,15261,377912,5253,3151,512,226,60.7,4848,359,4,331,118,197,15,183,3906,,8949.479064,5368.324487,59.98477061,872.2888408,385.0337462,60.7,8259.484962,611.6244021,6.814756569,563.9211061,201.0353188,335.626761,25.55533713,311.775113,6654.60979
1/16/2025,6,3xTg_13.1B(3),18,F,3-3xTg-9,200,25,1040,130,114.4307692,14876,303928,8055,4554,294,160,63.6,5885,145,4,127,52,62,13,92,4661,,14078.38129,7959.397688,56.53631285,513.8478086,279.6450659,63.6,10285.69508,253.428341,6.991126647,221.968271,90.88464641,108.362463,22.7211616,160.7959129,8146.410325
1/16/2025,7,3xTg_9.3B(3),0,F,3-3xTg-9,200,25,1040,130,111.4692308,14491,6.14E+05,10403,5358,2955,1534,79.1,12237,750,5,709,149,541,18,487,10768,,18665.24049,9613.415223,51.50437374,5301.911531,2752.329032,79.1,21955.83466,1345.662825,8.971085501,1272.099924,267.3383479,970.6714512,32.2959078,873.7837278,19320.12974
1/16/2025,8,3xTg_9.3B(3),0,F,3-3xTg-9,200,25,1040,130,111.4384615,14487,387368,10363,2646,1016,1338,71.7,8731,448,11,408,157,214,36,477,8187,,18598.60565,4748.809277,25.53314677,1823.427901,2401.325326,71.7,15669.63485,804.0312004,19.74183751,732.2427004,281.7698626,384.0684752,64.60965003,856.0778629,14693.31124
1/16/2025,9,3xTg_9.2B(3),12,F,3-3xTg-9,200,25,1040,130,115.2461538,14982,170384,8613,1377,356,419,76.6,5695,220,2,206,102,85,18,100,5972,,14947.13656,2389.667601,15.98746082,617.8080363,727.1392337,76.6,9883.193165,381.7914831,3.470831665,357.4956615,177.0124149,147.5103457,31.23748498,173.5415832,10363.90335
1/16/2025,10,3xTg_9.2B(3),12,F,3-3xTg-9,200,25,1040,130,104.2615385,13554,198920,9290,1345,413,145,19.2,5001,369,8,310,149,123,36,129,6901,,17820.56957,2580.05017,14.47793326,792.2384536,278.1466726,19.2,9593.182824,707.8353254,15.34602331,594.6584034,285.8196842,235.9451085,69.05710491,247.4546259,13237.86336
1/16/2025,11,3xTg_9.3B(2),0,F,3-3xTg-9,200,25,1040,130,75.61538462,9830,104072,6790,389,564,249,41.2,3298,269,5,200,95,92,13,102,11027,,17959.30824,1028.89115,5.729013255,1491.759919,658.5961343,41.2,8723.092574,711.4954222,13.22482197,528.9928789,251.2716175,243.3367243,34.38453713,269.7863683,29166.02238
,,,,,,,,,,,,,,,,,,,,,,,,,,,,,,,,,,,,,,,,,,
,,,,,,,,,,,,,,,,,,,,,,,,,,,,,,,,,,,,,,,,,,
,,,,,,,,,,,,,,,,,,,,,,,,,,,,,,,,,,,,,,,,,,
,,,,,,,,,,,,,,,,,,,,,,,,,,,,,,,,,,,,,,,,,,
,,,,,,,,,,,,,,,,,,,,,,,,,,,,,,,,,,,,,,,,,,
,,,,,,,,,,,,,,,,,,,,,,,,,,,,,,,,,,,,,,,,,,
,,,,,,,,,,,,,,,,,,,,,,,,,,,,,,,,,,,,,,,,,,
,,,,,,,,,,,,,,,,,,,,,,,,,,,,,,,,,,,,,,,,,,
,,,,,,,,,,,,,,,,,,,,,,,,,,,,,,,,,,,,,,,,,,
,,,,,,,,,,,,,,,,,,,,,,,,,,,,,,,,,,,,,,,,,,
,,,,,,,,,,,,,,,,,,,,,,,,,,,,,,,,,,,,,,,,,,
,,,,,,,,,,,,,,,,,,,,,,,,,,,,,,,,,,,,,,,,,,
